DATE,ANGOSTURA,PTE SANTANDER-AUTO,PTE BALSEADERO,NARINO-AUTOMATICA,PURIFICACION-AUTOM,ARRANCAPLUMAS,PTO SALGAR-AUTOMAT,PTO BERRIO-AUTOMAT,PTO ARAUJO-AUTOMAT,BANCO EL-AUTOMATIC,MAGANGUE-ESPERANZA,BARBOSA,TRMM_Mean,TRMM_STD,TRMM_Max,TRMM_Mom_X,TRMM_Mom_Y,TRMM_STD_Y,TRMM_STD_X,Nino1+2,NINO 3,NINO 3+4,Nino 4,ONI,MEI,BEST,TNI,SOI,TNA,TSA,CAR
1/1/1998,256.2,195.7,65.24,313.8,256.4,415.1,465.4,1012,77.81,1252,1708,1355,0.051521882,0.045139712,0.240138143,8.738105257,14.73109833,1.309223273,2.206515224,28.12,28.74,28.93,28.95,2.24,2.466,2.73,2.716,-4.4,0.43,0.72,0.21
2/1/1998,283.7,217.4,124.1,455.6,292.1,517.2,588.4,1281,171,1709,1826,1639,0.134428428,0.083620318,0.488319993,8.954076886,15.65168513,0.762184384,1.330474439,28.74,28.9,28.78,28.79,1.93,2.761,2.61,2.87,-3.4,0.77,0.74,0.17
3/1/1998,329.9,241.1,105.9,505.5,409.8,563.9,622,1232,184.2,1456,1689,1332,0.184916475,0.083480966,0.450928271,8.910535549,16.33162847,0.609406851,1.114486284,29.23,29.12,28.62,28.62,1.44,2.755,2.46,3.045,-4,0.75,0.69,0.15
4/1/1998,595,424,166.4,1377,868.9,1499,1659,2651,529.7,3512,3335,3075,0.299832811,0.116467924,0.649421811,9.355580943,18.1925395,0.441106139,0.851778924,28.22,29.22,28.6,28.56,0.99,2.661,1.55,2.983,-2.4,0.59,0.54,0.13
5/1/1998,579.9,384.6,176,1353,735.4,1552,1731,2788,364,4540,4958,4599,0.402525639,0.136302152,0.870337605,9.395393213,20.49093992,0.333737495,0.744468204,27.14,28.64,28.51,28.66,0.45,2.237,0.63,3.164,0.4,0.59,0.54,0.32
6/1/1998,824.4,680,387.9,1333,1041,1438,1526,2223,195.3,4665,5918,5316,0.246194283,0.12163184,0.64744544,9.713362374,21.17952498,0.539693511,1.179745432,25.36,26.99,27.34,28.26,-0.13,1.356,-0.95,3.21,1.6,0.66,0.66,0.47
7/1/1998,867.3,718.5,340.8,1351,1028,1454,1552,2148,145.8,4047,6317,5482,0.291022297,0.156796307,0.827642918,9.41012991,20.76995802,0.456368511,1.016350339,23.37,25.42,26.3,28.11,-0.78,0.392,-1.5,2.762,2,0.56,0.85,0.58
8/1/1998,490.2,407.9,214.8,818.4,585.8,878.5,981.9,1717,134.8,3655,5766,5115,0.277881981,0.109468988,0.715652585,9.541376429,21.38129516,0.477261564,1.076310633,21.97,24.45,25.57,27.77,-1.12,-0.319,-1.44,2.45,1.9,0.67,0.59,0.5
9/1/1998,371.5,280.3,146.9,662,438.2,754.7,888,2068,204.3,3996,6015,5281,0.323295862,0.116815891,0.594796836,9.702397118,21.88242827,0.426843965,0.972805292,20.95,23.95,25.46,27.74,-1.31,-0.6,-1.23,2.368,1.7,0.51,0.41,0.46
10/1/1998,480.6,400.3,150,1025,602.4,1087,1272,2749,390.2,4668,6530,5612,0.351483068,0.094886567,0.68699795,9.638789137,20.11842604,0.393293818,0.820175227,21.35,23.99,25.25,27.42,-1.35,-0.798,-1.28,2.262,1.8,0.49,0.21,0.39
11/1/1998,690.2,527.7,188.5,1497,1074,1625,1850,3477,432.3,5488,7118,5951,0.310702578,0.104047372,0.624925196,8.744531412,18.1880378,0.393673737,0.823823787,21.51,24.24,25.24,27.24,-1.48,-1.086,-1.28,2.225,1.7,0.43,0.32,0.36
12/1/1998,617.2,426.7,139.8,1460,1011,1589,1868,3335,370.6,5378,7377,6098,0.244175931,0.08978079,0.578592956,8.986855065,19.20427022,0.497305038,1.069640308,22.63,24.13,24.91,27.06,-1.57,-0.922,-1.52,2.475,2.3,0.29,0.11,0.32
1/1/1999,683.2,548.4,222.3,1240,950.5,1360,1538,2695,295.6,4213,6534,5430,0.166050644,0.130562875,0.628069282,7.494981022,13.58365569,0.554036114,1.006058485,23.79,24.41,24.86,26.64,-1.55,-1.053,-1.7,2.451,3,-0.1,0.13,0.27
2/1/1999,1150,912.4,270.9,2010,1499,2236,2817,3711,492.4,3978,5140,4660,0.314018205,0.171291712,0.889957011,8.343990292,15.53973157,0.376530143,0.698279284,25.56,25.52,25.43,26.56,-1.3,-1.14,-1.22,2.095,1.6,-0.2,0.05,0.23
3/1/1999,792.3,607.3,163.8,1678,1231,1900,2279,3103,383.9,4865,5655,5202,0.190078076,0.081085866,0.561520159,8.747947141,17.44936062,0.585730063,1.168935704,26.45,26.68,26.33,26.98,-1.07,-0.971,-1.04,1.7,2.1,-0.23,0.33,0.18
4/1/1999,992.9,813.7,339.4,2099,1397,2357,2875,3411,334.6,4809,5742,5245,0.335826245,0.117395853,0.766426265,8.946733699,17.97253805,0.377231377,0.75729759,24.64,26.71,26.7,27.41,-0.98,-0.903,-1.22,1.138,2.3,-0.13,0.45,0.21
5/1/1999,817.5,691.3,249.8,1636,1080,1841,2056,2923,341.1,5383,6391,5692,0.289401696,0.117664722,0.641620874,9.345668279,19.57008758,0.452912593,0.950373333,23.73,26.45,26.79,27.89,-1.02,-0.601,-0.64,0.449,0.4,0.11,0.53,0.19
6/1/1999,749,625,272.6,1447,911.7,1573,1736,2588,325.4,5069,6986,5853,0.356105748,0.127614362,0.825221896,9.390744086,20.85938983,0.375972809,0.851740119,22.36,25.72,26.53,27.96,-1.04,-0.31,-0.82,-0.101,0.4,0.15,0.49,0.12
7/1/1999,579,466.2,243.4,1057,645.1,1081,1169,1712,181.9,4687,7524,5981,0.217672988,0.15943452,0.911078215,9.301892265,22.20604524,0.568482414,1.371914014,21.73,25.05,26.13,27.75,-1.1,-0.477,-0.78,-0.311,0.9,0.17,0.64,0.09
8/1/1999,630.6,530.2,242.1,965.3,646.1,1027,1085,1517,139.5,3899,6757,5486,0.266347657,0.130234425,0.70163548,9.659285404,22.5767629,0.502825503,1.183867253,20.89,24.28,25.63,27.69,-1.11,-0.725,-0.95,-0.369,0.6,0.34,0.55,0.09
9/1/1999,525.3,395.1,199.6,1032,531.4,1075,1148,2092,255.1,4521,6865,5637,0.40878183,0.112765857,0.777897954,9.734920185,21.23778886,0.343562245,0.760594798,19.67,23.79,25.63,27.79,-1.16,-0.953,-0.54,-0.2,-0.1,0.38,0.24,0.09
10/1/1999,724,446.5,175.1,1598,838.9,1732,1917,3008,410.5,5734,8082,6219,0.407086618,0.118634709,0.815662563,9.570562122,20.38297324,0.336822512,0.727086201,20.15,23.6,25.48,27.79,-1.26,-0.973,-1.03,0.152,1.6,0.25,0.28,0.03
11/1/1999,665.8,427.2,179.8,1619,912.9,1789,1942,3248,423.4,6136,8912,6347,0.337687884,0.123607565,0.790008307,9.285696879,19.47706776,0.396162538,0.839278595,20.43,23.6,25.12,27.42,-1.46,-1.05,-1.3,0.477,1.7,0.13,0.33,-0.08
12/1/1999,927.4,639,217.3,1889,1265,2050,2429,3426,373.2,5735,8602,6240,0.259686741,0.130427116,0.717833936,8.332436415,17.29213915,0.440033849,0.917490256,22.17,23.68,24.86,27.18,-1.65,-1.161,-1.49,1.065,2.4,0.27,0.36,-0.16
1/1/2000,511,440.7,150,1083,704.7,1123,1474,1474,148.2,4098,7226,5383,0.125804769,0.095078181,0.46650508,7.570128477,14.19555261,0.670303523,1.257520467,23.81,24,24.78,26.99,-1.66,-1.139,-1.26,1.452,1.1,-0.18,0.21,-0.22
2/1/2000,656.3,537.1,160.7,1364,897.1,1393,1777,1871,234.2,2976,4548,3956,0.211734107,0.133672734,0.757288694,8.298258661,15.06278612,0.517087992,0.935630194,25.48,25.27,25.21,26.73,-1.41,-1.21,-1.75,1.827,2.7,-0.1,0.39,-0.2
3/1/2000,803.9,630.3,201.6,1638,1069,1767,2274,2832,287.9,3699,4408,4255,0.178216336,0.124182834,0.784057975,8.268785891,14.0159037,0.583385245,0.986485951,26.02,26.7,26.3,26.89,-1.07,-1.113,-1.2,1.857,2.2,0.06,0.4,-0.15
4/1/2000,701.9,564.7,189.5,1572,1025,1731,2089,2666,324.1,3967,4342,4131,0.26818401,0.117571115,0.753117621,9.002465811,18.27663876,0.464079325,0.94370526,25.5,27.41,26.95,27.2,-0.81,-0.409,-1.01,1.494,2,-0.01,0.37,-0.05
5/1/2000,1089,908,444.9,2051,1274,2290,2755,3440,416.8,4605,5159,4762,0.384565535,0.136548583,1.048968077,9.06039063,19.01003572,0.334581749,0.710047908,24.02,26.88,27.07,27.63,-0.71,0.257,-0.58,0.783,0.6,-0.06,0.29,-0.04
6/1/2000,767.7,645.5,315.5,1505,901.9,1749,2082,3150,268,5343,6333,5416,0.300572757,0.137183947,0.911475599,9.169423063,19.75820717,0.429715528,0.930562288,22.75,26.03,26.94,28.06,-0.64,0.02,-0.27,0.17,-0.3,-0.16,0.2,-0.04
7/1/2000,660.8,538.7,266.8,1076,703.1,1165,1453,2089,158.1,4420,6483,5348,0.265611938,0.147910308,0.775417864,9.222814654,20.99203859,0.481386619,1.105514918,21.68,25.18,26.63,28.17,-0.55,-0.157,-0.07,-0.465,-0.3,0.01,0.15,-0.07
8/1/2000,649.9,538.5,330.7,1037,684.8,1082,1292,1755,113.9,3700,5912,5008,0.253477942,0.157634586,0.808610141,9.10227331,20.38283704,0.495847073,1.118344854,20.44,24.64,26.37,28.16,-0.51,-0.129,-0.44,-0.707,1.2,0.15,0.2,-0.04
9/1/2000,628.8,542.4,226.4,1208,745.4,1327,1574,2656,308.6,4350,6109,5187,0.397742721,0.145404772,0.849170923,9.593184948,20.66365714,0.348423211,0.754547816,20.5,24.59,26.2,28.27,-0.55,-0.227,-0.72,-0.798,1.4,0.02,0.02,-0.01
10/1/2000,615.8,455.7,218.1,1132,715,1295,1505,2568,300.9,5047,7163,5623,0.329800112,0.13089198,0.842298806,9.396409243,19.93569091,0.406197729,0.867617596,20.74,24.48,26.02,28.11,-0.63,-0.387,-0.9,-0.377,1.8,0,0.1,0
11/1/2000,653.7,389.4,201.9,1186,695.3,1382,1642,2530,306,5287,7244,5606,0.250950809,0.101865018,0.727328837,9.464697421,19.02636854,0.518341223,1.040077838,20.46,24.4,25.92,27.92,-0.75,-0.714,-1.4,-0.097,3,-0.12,0.07,0.02
12/1/2000,634.3,452.2,161.4,1009,664.1,970.1,1184,1658,161.4,3919,6218,4900,0.164369967,0.08159091,0.650559783,8.320995625,17.50408805,0.61588896,1.298923923,21.85,24.57,25.68,27.59,-0.74,-0.566,-0.78,0.362,1.3,-0.19,-0.01,-0.01
1/1/2001,439.1,349,118.2,651.6,463.9,763.9,971.1,1353,138.6,2686,4838,3288,0.083131186,0.078809193,0.523172438,7.240821546,14.47031094,0.826623345,1.654012002,23.94,25.24,25.81,27.43,-0.68,-0.505,-0.87,0.785,1.6,-0.13,0.16,0
2/1/2001,355.3,292.1,114.3,592.9,368.1,702.9,830.2,1058,75.5,1636,,2030,0.085479743,0.080879327,0.321600258,7.079072911,11.79748959,0.795492788,1.326029387,25.62,26.12,26.12,27.37,-0.52,-0.661,-1.15,1.25,2.8,-0.15,0.17,0
3/1/2001,486.7,346.9,165.1,967.4,643.5,1094,1312,1767,234.4,2341,,2594,0.216601182,0.094922699,0.56475234,9.003836828,17.21171669,0.548541526,1.048278929,26.66,27.2,26.8,27.61,-0.44,-0.56,-0.46,0.853,1.5,0.15,0.29,0.03
4/1/2001,481.3,358.4,207.9,791.5,657.1,847.7,1026,1451,184.1,2575,3485,2853,0.1849492,0.100127705,0.615844369,9.091166563,17.949218,0.62384252,1.23023358,25.72,27.46,27.33,28.04,-0.34,-0.055,-0.09,0.239,0.3,0.05,0.38,0.02
5/1/2001,640.4,462.5,220.4,1007,710.2,1103,1356,1983,310,3209,4137,3545,0.333492685,0.128961161,0.882663488,9.504938943,19.65615569,0.407921568,0.843832361,23.71,27.11,27.6,28.53,-0.25,0.288,0.36,-0.568,-0.8,0.06,0.47,0.03
6/1/2001,783.5,544.6,368.6,1075,814.5,1074,1375,1666,166.8,3561,4951,4264,0.210186823,0.137063597,0.614426136,9.048392699,18.83163167,0.569558722,1.187547988,22.28,26.34,27.54,28.79,-0.12,0.071,0.13,-1.504,0.5,0.24,0.36,0.06
7/1/2001,,634.9,316.8,1043,876.2,1097,1362,1582,82.47,2808,4388,3673,0.239642294,0.134857382,0.678394735,9.597959609,20.2775206,0.547208472,1.153137514,21.38,25.53,27.25,28.98,-0.08,0.299,0.44,-2.452,-0.3,0.3,0.15,0.09
8/1/2001,,532.9,307.4,901.7,775.7,883.9,1154,1203,55.29,2312,3996,3189,0.16533607,0.120287634,0.600658059,9.541617986,22.21023646,0.70927467,1.654766831,20.16,24.9,26.8,28.84,-0.13,0.35,0.51,-2.846,-0.7,0.34,0.14,0.14
9/1/2001,,432.6,202.8,838.5,610.2,898.6,1122,1551,136.6,2534,4265,3501,0.320191256,0.120388843,0.761954725,9.300510844,20.41292541,0.410972279,0.910606221,19.6,24.31,26.52,28.97,-0.19,-0.165,-0.08,-2.858,0.3,0.51,0.11,0.11
10/1/2001,413.2,324,164,607,453.6,685,895.6,1724,302.6,3441,5138,4391,0.331111389,0.126030806,0.651502669,9.813435191,21.07198912,0.426598224,0.916012963,19.88,24.55,26.57,28.95,-0.29,-0.275,0.14,-2.637,-0.1,0.48,0.2,0.1
11/1/2001,492.4,284.5,171.1,976,636.2,1102,1483,2427,354.9,4418,5922,5159,0.316848547,0.119813525,0.744425237,8.740472383,18.23440623,0.387532195,0.814844402,20.77,24.42,26.33,28.78,-0.35,-0.153,-0.4,-2.674,1.1,0.62,0.16,0.12
12/1/2001,701.7,486.9,200.6,1428,963,1515,1968,2845,274.9,4587,6205,5380,0.214532305,0.099047659,0.600089371,8.525156472,16.8057469,0.522119941,1.028620159,21.79,24.61,26.19,28.66,-0.31,0.019,0.41,-2.37,-1.4,0.66,0.01,0.16
1/1/2002,496.6,419.7,107.3,678.1,549,732,1018,1501,106.3,3090,4644,4137,0.074817029,0.081591224,0.512993217,6.732875111,13.75382319,0.817265097,1.673177867,23.79,25.17,26.39,28.72,-0.15,0.009,-0.15,-1.78,0.7,0.78,0.14,0.19
2/1/2002,,278.3,94.56,486.5,376.3,509.6,769.5,1271,89,1883,2709,2320,0.08994518,0.08091243,0.523281455,7.787917184,14.09245868,0.848823615,1.536774903,26.03,26.16,26.71,28.66,0.03,-0.171,-0.33,-1.343,1.8,0.53,-0.06,0.18
3/1/2002,378.3,223.1,154.7,783.5,417.3,870.1,1175,1598,201.2,1980,2397,2056,0.195596697,0.11117774,0.486184776,8.903113415,15.4609477,0.588989588,1.016467603,27.25,27.35,27.29,28.57,0.09,-0.121,0.44,-1.287,-0.4,0.37,0.29,0.22
4/1/2002,529.9,447.6,214.4,1424,851.7,1665,2133,3100,499,3469,3535,3600,0.326801968,0.125580196,0.774713993,8.951631526,17.25772315,0.388728114,0.742917401,26.35,27.58,27.84,29.03,0.2,0.414,0.4,-1.326,-0.1,-0.02,0.31,0.22
5/1/2002,599,481.5,312.2,1181,858.6,1279,1365,2158,367.2,3892,4337,4289,0.302548599,0.117342253,0.734210014,9.259497961,19.52452073,0.429082585,0.912901988,25.04,27.51,28.24,29.52,0.43,0.891,1.06,-1.663,-1.4,-0.19,0.49,0.12
6/1/2002,1075,872.4,356.2,1921,1390,2041,2351,3043,271,4901,5414,5064,0.260235825,0.101615096,0.658935547,9.410412497,20.16644899,0.496787616,1.070337996,23.51,27.19,28.44,29.61,0.65,0.945,0.99,-2.335,-0.4,-0.13,0.33,0
7/1/2002,787.1,665.4,341.8,1097,911.1,1184,1189,1597,95.58,3543,4735,4376,0.196015884,0.115564396,0.678617239,8.725500341,19.51102517,0.573318601,1.289856764,21.72,26.19,28.03,29.52,0.79,0.716,1.12,-2.871,-0.8,-0.06,0.47,-0.01
8/1/2002,774,621.7,335,971,846.7,1033,1026,1358,77.42,2476,3518,3347,0.19836001,0.122655427,0.700735688,9.12438664,20.67607305,0.595247524,1.353331635,20.74,25.63,27.72,29.43,0.86,1.025,1.45,-3.001,-1.6,-0.05,0.01,0.06
9/1/2002,414.9,326.8,193.4,598.7,502.1,672.3,688.5,1354,201.9,2580,3736,3570,0.280496215,0.119213507,0.62823391,9.613688869,21.71707693,0.478518912,1.088117457,20.93,25.76,27.81,29.37,1.01,0.908,1.21,-2.878,-1,0.07,-0.08,0.17
10/1/2002,400.9,344.3,169.5,795.7,580.9,878.7,877.3,1669,224.5,3048,4038,3840,0.310652688,0.10642821,0.733360112,9.043781412,19.34043421,0.408774273,0.880965594,21.39,25.97,27.96,29.41,1.21,1,1.15,-2.546,-0.6,0.36,0.14,0.23
11/1/2002,543.5,435.3,189.7,1068,787.5,1161,1226,2282,321.6,4502,5432,5019,0.222119029,0.104294678,0.678676903,8.85022399,18.29114612,0.52913259,1.094805474,22.63,26.4,28.17,29.55,1.31,1.09,1.2,-2.413,-0.7,0.22,-0.07,0.23
12/1/2002,448.6,296.3,158.9,744.1,575.1,866.6,885.3,1754,316.9,3375,4497,4083,0.15689262,0.118565306,0.789934218,7.866983409,15.50943236,0.603163819,1.191362633,23.91,26.44,27.97,29.38,1.14,1.145,1.48,-2.311,-1.8,0.2,0.35,0.2
1/1/2003,329.3,263,84.67,453.4,427,496.4,524.7,1069,90.55,2005,2788,2365,0.051657801,0.070119308,0.483743906,6.224704086,11.90619347,0.93115259,1.783115869,24.69,26.23,27.15,28.89,0.92,1.218,0.85,-2.523,-0.3,0.27,0.56,0.23
2/1/2003,299.3,277,105.3,491.6,472.8,549.8,568.2,1103,87.04,1490,2006,1496,0.111351776,0.084210669,0.476728082,7.943806223,14.13088825,0.761289434,1.353731953,25.98,26.84,27.39,28.88,0.63,0.935,1.07,-2.644,-1.1,0,0.57,0.35
3/1/2003,432.5,281.6,137.7,769.1,640.5,869.5,854.7,1450,98.36,1813,2232,1693,0.184424577,0.104870467,0.613855124,8.904479752,15.60322123,0.612366522,1.069726561,26.42,27.39,27.65,28.92,0.38,0.833,0.83,-2.91,-0.5,0.04,0.63,0.41
4/1/2003,504.4,368.7,150.4,1132,719.4,1338,1403,2360,335.7,2968,3019,2952,0.330367632,0.122797836,0.68495971,9.270722309,18.82945204,0.399216319,0.813020707,24.98,27.14,27.68,28.96,-0.04,0.421,0.3,-2.995,-0.2,0,0.42,0.41
5/1/2003,547.6,434.1,268.4,983.2,736.2,1017,1038,1910,255.1,3979,4366,4257,0.273262365,0.144034886,0.90393585,9.164121197,19.99831467,0.467288786,1.026873604,22.77,26.29,27.32,28.86,-0.26,0.214,0.08,-3.04,-0.5,0.06,0.37,0.3
6/1/2003,429,349.4,200.2,894.9,604.3,1077,1081,2394,327.9,4468,4999,4737,0.319521166,0.111759992,0.664743245,9.474130858,20.94089549,0.420282518,0.936700664,21.77,26.03,27.44,29.07,-0.16,0.131,0.32,-2.895,-1,0.22,0.1,0.16
7/1/2003,555.3,447.8,282.9,823.1,706.2,921,925.7,1577,129.9,3936,5218,4795,0.228585232,0.155093848,0.849554241,9.434591161,22.03394193,0.556456532,1.309190226,20.95,25.92,27.5,29.08,0.08,0.178,0.23,-2.723,0.5,0.36,0.4,0.09
8/1/2003,475.3,384.3,190.7,724.8,608,765.3,777.5,1458,67.23,3280,4872,4522,0.242102239,0.158700322,0.8455351,9.257097719,21.68957921,0.521113169,1.232672813,21.02,25.38,27.11,28.98,0.21,0.329,0.17,-2.412,0.2,0.59,0.49,0.09
9/1/2003,539.8,479.5,171.4,661.4,615.3,718.6,745.2,1478,121.8,3088,4530,4243,0.29103512,0.107146702,0.622085094,9.521205567,20.79770296,0.458374726,1.005990912,20.28,25.05,26.99,28.94,0.26,0.477,0.31,-2.082,-0.2,0.66,0.49,0.19
10/1/2003,580.4,474.3,200.8,961.5,696.3,1097,1148,2304,350.7,4258,5664,5072,0.384193539,0.092444597,0.679005086,9.503431241,20.43067475,0.354167608,0.771832352,21.25,25.38,27.14,29.12,0.29,0.516,0.44,-1.738,0,0.8,0.53,0.24
11/1/2003,638.8,380.6,175,1266,833.2,1400,1569,2969,454.2,5360,7076,5800,0.316436881,0.100320382,0.693436325,9.370112877,19.58928886,0.419890547,0.883052351,21.94,25.75,27.04,29.07,0.35,0.57,0.46,-1.596,-0.5,0.48,0.55,0.22
12/1/2003,579.5,407.1,159.9,1083,785.5,1189,1288,2409,384.6,5268,7579,5848,0.185617644,0.095392324,0.523498774,8.687549745,18.79859953,0.592618688,1.287894875,23.03,26,27.03,28.97,0.35,0.351,-0.28,-1.522,1.8,0.49,0.56,0.19
1/1/2004,439.5,360.8,113,739.4,627.3,769,845.6,1889,138.5,3483,5591,4612,0.090377974,0.088808159,0.475369692,7.055600103,12.36121245,0.766578821,1.344341674,24.36,26.08,26.81,28.75,0.37,0.327,0.88,-1.6,-2.2,0.5,0.41,0.18
2/1/2004,411.4,292.6,81.81,688.9,589.4,714.9,764.6,1497,73.52,2038,3489,2542,0.098568054,0.071636002,0.379899085,8.471202551,14.64194033,0.873583307,1.510031153,26.03,26.7,26.98,28.57,0.31,0.359,-0.48,-1.571,2,0.51,0.22,0.19
3/1/2004,263.9,231.8,135.2,519.4,467.9,602.3,669.5,1546,118.2,2041,2911,2051,0.114312242,0.083697287,0.42045778,9.054788546,15.91633837,0.854800271,1.501367864,25.75,27.34,27.4,28.42,0.23,-0.035,0,-1.913,0.7,0.36,-0.01,0.16
4/1/2004,528.2,385.4,215.9,1070,783.5,1145,1265,2738,318.7,2882,3560,2881,0.327819325,0.098679312,0.696357131,9.390418353,18.79748309,0.405940588,0.812971449,24.96,27.52,27.89,28.71,0.17,0.374,0.65,-2.272,-1.5,0.46,-0.26,0.07
5/1/2004,695.9,626.9,236.8,1294,884.6,1424,1636,3739,488.9,4511,4513,4313,0.348117875,0.114296187,0.758611977,9.64525621,19.77020981,0.397700411,0.809913666,22.82,26.8,28,29.02,0.17,0.56,-0.12,-2.637,1.7,0.17,-0.12,0.09
6/1/2004,812.5,686.8,428.1,1220,1016,1253,1432,2498,190.7,4751,5189,4777,0.193285831,0.125584519,0.622181892,9.222584143,19.91795536,0.615113509,1.330894938,22.05,26.35,27.86,29.19,0.28,0.327,0.61,-2.999,-1.4,0.27,-0.08,0.14
7/1/2004,640,516.7,303.9,848.3,724,892.3,1042,1971,131.5,3554,4461,4184,0.267525535,0.118019187,0.665891886,9.329406036,20.76268096,0.481741912,1.07966709,21.18,25.78,27.78,29.32,0.47,0.574,0.89,-3.376,-0.8,0.46,0.08,0.22
8/1/2004,630.8,586.4,310.6,911,822.2,888.5,1094,1819,,3106,4424,4092,0.206385371,0.142418031,0.727704287,9.296662969,22.00999279,0.590377523,1.40635608,20.26,25.36,27.62,29.34,0.64,0.639,0.9,-3.253,-0.5,0.68,0.22,0.17
9/1/2004,,402.4,220.8,673.4,580.8,706.5,844.3,2270,291.4,3837,4709,4389,0.338508125,0.148226113,0.74687916,9.581958383,21.31798047,0.406548797,0.908184289,20.46,25.35,27.53,29.45,0.7,0.572,0.82,-2.993,-0.6,0.59,0.33,0.16
10/1/2004,519.8,332.7,176.7,980.3,679.6,1075,1257,2917,534,4958,5706,5133,0.374166405,0.096191202,0.596735179,9.573148919,20.04572202,0.36608012,0.770465597,21.16,25.52,27.44,29.46,0.67,0.508,0.56,-2.731,-0.1,0.62,0.14,0.18
11/1/2004,782.7,496.7,192.5,1504,1120,1602,2000,4647,609.2,6404,7152,5882,0.34074826,0.106980156,0.738903165,9.054352786,18.79698183,0.376841008,0.792117289,22.37,25.73,27.36,29.45,0.66,0.805,0.85,-2.505,-1.1,0.63,0.24,0.21
12/1/2004,644.3,419.7,173.8,1048,925.2,1145,1392,2872,294.4,5508,7295,5734,0.136644492,0.094743418,0.48240009,7.768955449,14.37519187,0.652484005,1.207464403,23.18,25.91,27.34,29.41,0.69,0.667,0.95,-2.393,-1.3,0.53,0.43,0.14
1/1/2005,457.3,273.8,134,666.1,595.6,745,944.5,1821,200.1,3377,4862,4158,0.135823128,0.096129681,0.594655454,8.399356016,16.03637285,0.709480212,1.353510269,24.54,25.98,27.21,29.2,0.64,0.32,0.2,-2.598,0.6,0.46,0.61,0.07
2/1/2005,663,449.9,217.6,1043,817.4,1085,1357,2363,268.2,3190,3408,3335,0.147974265,0.114982366,0.609304845,8.755260999,14.18865986,0.701909359,1.136103156,25.16,26.31,27.11,28.87,0.58,0.81,2.23,-2.605,-5.2,0.38,0.49,0.1
3/1/2005,595.7,482.6,148.2,971.8,775.8,1070,1286,2155,175.9,2849,,2956,0.174076287,0.111542251,0.620527029,8.103148246,15.26031298,0.578887096,1.090905087,25.03,27.14,27.73,28.93,0.45,1.067,0.33,-2.408,0.5,0.68,0.61,0.17
4/1/2005,611.3,441.2,309.5,973.9,769.7,1106,1302,2460,294.5,3380,3850,3569,0.297306394,0.138918636,0.786591291,9.434493751,18.87564308,0.44957732,0.900280892,25.12,27.53,28.08,29.05,0.43,0.637,0.72,-2.383,-1,0.81,0.29,0.25
5/1/2005,691.4,524.5,248.2,1391,930.3,1600,2021,3857,453.9,4841,4880,4645,0.361630854,0.116558653,0.735136032,9.428685886,19.41043779,0.371915019,0.764811759,24.04,27.41,28.24,29.21,0.29,0.893,1.08,-2.284,-1.3,1.01,-0.06,0.28
6/1/2005,641.3,569.5,333.9,947.5,830.4,1019,1337,2448,280.6,5223,5842,5226,0.293331322,0.159042506,0.904710591,9.559500776,21.90461247,0.460921614,1.070132484,22.35,26.68,27.77,29.14,0.11,0.612,0.39,-1.897,0.7,0.92,-0.26,0.34
7/1/2005,585.1,551.5,285.5,808.5,758.4,843.4,1203,1704,140.4,4066,5639,5004,0.199961361,0.1111782,0.604099512,9.229269044,21.09211229,0.59736144,1.373535695,21.61,25.91,27.06,28.79,-0.06,0.519,0.35,-1.885,0.3,0.84,-0.32,0.38
8/1/2005,577.7,553.1,275.3,841.2,744.4,874.7,1209,1535,80.47,3229,4856,4344,0.248688183,0.147519546,0.721626759,9.401637423,21.90708268,0.518102141,1.218584759,20.61,25.3,26.8,28.73,-0.14,0.362,0.4,-2.124,-0.6,0.74,0.01,0.35
9/1/2005,429.6,374.7,222,642.6,599.6,762.2,1026,1566,105.8,3015,4773,4211,0.27525548,0.118925709,0.707254171,9.323694116,21.34309662,0.46978688,1.088090522,19.99,24.82,26.68,28.79,-0.11,0.315,-0.14,-1.999,0.6,0.73,-0.09,0.28
10/1/2005,422.8,370.6,218.6,1107,734.2,1351,1817,3170,445.1,4433,5518,4887,0.410639397,0.109602186,0.676980376,9.499730129,19.41502408,0.332266615,0.676779722,19.75,24.64,26.65,28.85,-0.29,-0.167,-0.47,-1.668,2,0.54,0,0.21
11/1/2005,677.6,536,237,1447,884.1,1640,2333,3818,520.6,6490,7288,5810,0.394071818,0.10173604,0.765178502,9.57977462,20.70427437,0.349675254,0.765158891,20.23,23.97,26.11,28.55,-0.57,-0.392,0.04,-1.264,-0.3,0.4,-0.07,0.17
12/1/2005,771.1,625.8,210.3,1396,1139,1461,2117,3062,307.1,5970,8425,5914,0.168483006,0.127615893,0.566748977,7.61950185,13.88521323,0.557544823,1.015675337,21.89,24,25.68,28.28,-0.81,-0.57,-0.2,-0.475,0,0.55,-0.02,0.12
1/1/2006,654.1,494.1,181.6,1132,949.8,1237,1869,2501,,3978,6136,4868,0.160433719,0.11705358,0.819880247,7.91977137,14.54532739,0.59850532,1.100834266,24.19,24.85,25.63,27.82,-0.79,-0.438,-1.22,0.151,2.7,0.41,0.04,0.04
2/1/2006,475.8,382.6,156.8,842.7,769.5,1014,1274,2174,,3049,4337,3642,0.129782552,0.095491244,0.634122014,8.064032418,15.12795568,0.701445935,1.316489679,26.32,26.06,26.08,27.52,-0.67,-0.424,-0.31,0.067,0.2,0.19,0.23,0
3/1/2006,819.5,595.2,246.5,1294,1110,1380,1684,3075,311.9,3142,3681,3333,0.264215616,0.11907289,0.545094788,8.771484453,16.27746171,0.458235322,0.845702548,26.2,26.65,26.57,27.73,-0.47,-0.527,-1,-0.099,2.9,0.18,0.41,0.04
4/1/2006,853.2,669.7,245.5,1809,1253,1862,2370,4159,467.4,4535,4884,4472,0.363544117,0.109457452,0.634510159,9.229204207,18.22712634,0.362049249,0.710837246,24.04,27.16,27.5,28.29,-0.28,-0.575,-0.39,-0.601,1.8,0.41,0.31,0.14
5/1/2006,652.9,492,217.5,1471,908.4,1682,2153,3732,465.4,5575,6509,5555,0.358466117,0.11030492,0.704276025,9.587806987,20.3677803,0.38367434,0.814752673,23.86,27.17,27.85,28.86,-0.05,0.043,0.63,-1.17,-0.8,0.43,0.24,0.16
6/1/2006,880,770.6,359.1,1344,1042,1516,1842,2817,265.5,5497,7807,5947,0.309369077,0.09784804,0.653363764,9.415510972,20.05025457,0.429799634,0.917790955,22.91,26.61,27.73,29.03,0.04,0.546,0.48,-1.501,-0.4,0.52,0.41,0.11
7/1/2006,702,804.3,317.3,977.3,936.6,1203,1320,1616,101.5,3876,6835,5278,0.205901848,0.111232673,0.645084679,9.435819957,20.95461128,0.599550651,1.335333262,22.16,25.82,27.3,29.1,0.12,0.718,0.64,-1.289,-1,0.36,0.3,0.1
8/1/2006,532.1,678.5,216.2,785.4,711.9,805.3,930.7,1406,95.05,3140,5204,4457,0.27192561,0.176047343,0.87304765,9.555295603,22.39263847,0.492908494,1.168357526,21.71,25.51,27.16,29.21,0.27,0.77,1.02,-1.087,-1.7,0.53,0.33,0.17
9/1/2006,444.4,446.7,157.9,856.1,671.9,867,923,1682,122.5,3625,5411,4717,0.27026959,0.14189199,0.793970942,9.504582996,21.43063801,0.488351019,1.111486191,21.7,25.73,27.32,29.4,0.48,0.823,0.86,-0.991,-1,0.69,0.27,0.26
10/1/2006,419,337.8,175.6,822.6,558.4,883.2,975,2115,330.1,3848,5437,4698,0.368403966,0.096912851,0.74408704,9.702164666,20.07839149,0.378417884,0.781933736,22.07,25.86,27.41,29.45,0.71,0.955,1.26,-1.131,-2.1,0.74,0.23,0.25
11/1/2006,632.6,411.9,254.7,1573,993.6,1682,2003,3824,495.4,5328,6691,5529,0.348456077,0.097754243,0.6336115,8.981362699,18.54548679,0.363127305,0.756582844,22.45,26.1,27.69,29.62,0.9,1.286,0.57,-1.184,0.1,0.71,0.08,0.2
12/1/2006,641.3,517.7,227.7,1430,1072,1524,1750,3121,362,5325,7293,5770,0.20596089,0.119085714,0.84393388,7.944232699,16.34420733,0.500860542,1.03494145,23.52,26.37,27.74,29.46,0.95,0.951,0.9,-1.204,-0.5,0.47,0.32,0.2
1/1/2007,356.5,321.2,127.1,744.3,605.8,763,919.2,1641,118.8,3477,5367,4393,0.102955388,0.095442098,0.599661112,7.56355907,14.95017542,0.760321286,1.506208055,25.23,26.53,27.24,28.97,0.71,0.985,0.88,-1.594,-1.3,0.46,0.24,0.3
2/1/2007,,315,92.91,592.7,548.2,578.2,721.6,1089,71.07,2109,3430,2558,0.061431358,0.050418294,0.296661854,8.005986749,14.19676945,1.086959069,1.92701454,26.21,26.49,26.88,28.66,0.32,0.528,0.3,-1.834,-0.1,0.56,0.21,0.36
3/1/2007,302.1,195.9,172.8,665.6,498.9,731.8,876.2,1412,173.5,2116,,2143,0.252450857,0.124095896,0.665492237,9.026241487,17.14615512,0.491189127,0.929382032,25.84,26.8,27.1,28.66,-0.03,0.12,0.15,-2.022,0.3,0.33,0.04,0.37
4/1/2007,636.5,454.1,190.9,1694,1126,1833,2317,3550,471.4,4145,4446,4282,0.406497732,0.14812504,0.897780836,8.918411704,18.90346249,0.310023404,0.669311808,24.31,26.95,27.5,28.73,-0.23,0.02,0.26,-2.341,-0.2,0.4,0.24,0.3
5/1/2007,819.8,798,270.1,1570,1057,1799,2225,3721,485.5,5892,6115,5433,0.398330618,0.121540476,0.860199213,9.284395955,19.92926668,0.33230593,0.720902814,22.63,26.37,27.46,28.84,-0.29,0.354,0.15,-2.655,-0.2,0.21,0.28,0.22
6/1/2007,881.1,968,533.3,1757,1489,1859,2308,2748,274.6,6138,7807,6026,0.263448307,0.156960397,0.917438269,9.011664612,20.36336627,0.472698722,1.086686586,21.52,25.9,27.37,28.9,-0.41,-0.136,-0.07,-2.697,0.9,0.16,0.43,0.16
7/1/2007,649.9,596.4,205.5,1083,841.7,1137,1331,1894,175.8,4026,7158,5504,0.26528681,0.140807888,0.707732499,9.215312205,21.22866046,0.480722714,1.119436523,20.98,24.85,26.71,28.68,-0.54,-0.247,0.06,-2.565,-0.5,0.09,0.23,0.13
8/1/2007,620.5,446.4,225.1,912.5,709.9,969.8,1091,1894,198,3945,6383,5229,0.37753435,0.203355788,1.206142426,9.545666176,22.41975465,0.367971172,0.886802857,19.81,23.94,26.14,28.48,-0.84,-0.427,-0.48,-2.305,0.7,0.01,0.15,0.12
9/1/2007,521.8,473.2,170.5,769.1,609.7,748.6,897.3,1977,192.3,4593,7152,5643,0.310932578,0.185631772,0.851708114,9.762328258,23.22995952,0.450386155,1.085380354,19.75,23.63,25.61,28.11,-1.13,-1.181,-0.63,-1.865,0.3,0.11,0.27,0.12
10/1/2007,743,486.6,236.4,1286,863.6,1415,1765,3333,498.9,5218,7160,5672,0.464634512,0.102953704,0.770444393,9.359947935,19.80083041,0.281731992,0.609611865,19.5,23.55,25.32,27.91,-1.4,-1.217,-1.14,-1.291,1.2,0.24,0.11,0.09
11/1/2007,931.7,717.9,232.4,1483,1351,1840,2368,3771,467.4,6621,8546,6175,0.272295544,0.097800922,0.704249084,8.833793378,18.21492294,0.446444285,0.92574953,19.92,23.48,25.17,27.61,-1.54,-1.165,-1.23,-0.302,1.4,0.24,0.1,0.11
12/1/2007,896.5,619,210.2,1267,1233,1596,1931,2765,304.9,4802,7921,5748,0.221304995,0.117295297,0.68905127,8.026388139,16.17494392,0.478620655,0.967688182,21.15,23.57,25.01,27.42,-1.6,-1.193,-1.6,0.85,2.7,0.09,0.2,0.06
1/1/2008,583.8,419.2,145.2,1115,775.5,1171,1369,2086,230.1,3705,6009,4795,0.117038059,0.101109119,0.546730995,7.499934414,13.31820112,0.696533261,1.237514392,24.08,24.19,24.86,26.87,-1.59,-1.02,-1.75,1.836,2.9,0.14,0.19,0.06
2/1/2008,590.1,492.6,202.9,1151,743.5,1232,1472,2261,,2811,4464,3659,0.192327794,0.126586211,0.705391943,7.976061303,15.77012757,0.531840112,1.055665981,26.32,25.16,25.08,26.62,-1.42,-1.388,-2.52,2.404,4.4,0.18,0.36,-0.01
3/1/2008,876.6,615.3,185.1,1418,1014,1521,1765,2869,293.2,3350,4150,3892,0.205725183,0.102824326,0.454498172,8.581700861,16.48907378,0.543710302,1.043568191,26.88,26.45,26.07,26.97,-1.19,-1.579,-1.24,2.671,2.4,0.27,0.6,-0.02
4/1/2008,953.7,651.3,217,1706,1188,1859,2068,3395,442.6,3884,4286,4062,0.29638956,0.113240808,0.759595096,9.065820297,17.77149328,0.429370674,0.838996311,25.94,27.12,26.83,27.46,-0.92,-0.879,-0.93,2.493,1.1,0.09,0.64,-0.02
5/1/2008,981,719.6,230.5,2007,1262,2205,2832,3971,525.9,4681,5536,5027,0.414622834,0.115837176,0.794764817,9.405484783,19.00804757,0.324995358,0.655793904,24.95,27,27.09,27.81,-0.75,-0.349,-0.27,2.015,-0.1,0.28,0.82,-0.01
6/1/2008,883.5,770.1,317.5,1645,1117,1779,1963,3313,332.1,5475,6946,5850,0.312142927,0.150432787,0.881551087,9.146181887,20.06601362,0.415338467,0.922394662,23.68,26.46,27.04,27.96,-0.54,0.164,-0.46,1.613,1,0.39,0.7,-0.06
7/1/2008,907.4,848.8,365,1583,1140,1686,1823,2878,219.6,5027,7824,6091,0.314160788,0.159951281,0.771856189,9.356621101,20.98728635,0.424907408,0.963510848,22.95,26.08,26.99,28.07,-0.35,0.089,0.02,1.429,0.5,0.45,0.66,-0.08
8/1/2008,570.9,539.9,221.1,1237,649.1,1381,1471,3062,313.5,4807,7962,6059,0.354722722,0.122171982,0.622975528,9.589076748,21.05516443,0.386546936,0.855034718,22.4,25.62,26.72,28.04,-0.26,-0.252,-0.35,1.173,1.7,0.45,0.51,-0.06
9/1/2008,521.4,464.5,188.3,1123,621.5,1167,1206,2020,282.5,5184,8201,6128,0.31884599,0.1325953,0.69555825,9.793427966,22.50666641,0.437189486,1.019495808,21.75,25.2,26.47,28.08,-0.3,-0.551,-0.8,0.955,2,0.57,0.28,-0.01
10/1/2008,562.1,467.6,198.5,1311,772,1412,1454,3008,491.7,5238,8210,6110,0.412926427,0.12235511,0.724610269,9.415816952,19.72232914,0.326695931,0.686810807,21.37,25.07,26.37,28.17,-0.41,-0.692,-0.82,0.839,2.1,0.43,0.27,-0.05
11/1/2008,1040,797.2,225.1,2423,1764,2570,3222,4994,587.7,5971,8899,6288,0.48389946,0.118721859,0.810408235,9.267831594,19.19220716,0.264549766,0.559849713,21.38,24.98,26.25,27.98,-0.6,-0.597,-0.89,0.787,2.2,0.27,0.31,-0.12
12/1/2008,998.7,811.1,236.4,1933,1486,1999,2225,3195,340.2,5936,9241,6168,0.152978989,0.125959042,0.755524576,7.527745733,13.92472396,0.58755929,1.089862897,22.36,24.66,25.74,27.73,-0.73,-0.663,-1.07,0.779,2.4,0.26,0.41,-0.14
1/1/2009,763.7,636.8,218.5,1426,1270,1528,1576,2457,234,4104,6914,5294,0.161153876,0.124762705,0.70722121,7.697724153,13.88410442,0.580714374,1.048856353,24.4,25.15,25.66,27.37,-0.8,-0.726,-1.32,0.793,1.8,0.07,0.45,-0.14
2/1/2009,766.9,594.5,252.9,1394,1103,1495,1443,2561,247.3,3755,4983,4358,0.164102429,0.097197377,0.488155544,8.479003201,15.68410558,0.631456601,1.168213001,25.42,25.84,25.96,27.35,-0.69,-0.707,-1.95,0.753,3.1,-0.37,0.35,-0.12
3/1/2009,931.6,683.2,259.6,1812,1337,1905,1955,3344,464.8,3937,4394,4066,0.256810244,0.123090746,0.655756414,8.909696806,16.56199537,0.477897441,0.886255502,25.67,26.49,26.59,27.74,-0.52,-0.723,-0.3,0.514,0.7,-0.34,0.54,-0.09
4/1/2009,975.8,649.7,232.8,1829,1293,1949,2066,3177,396.3,5038,5285,4818,0.244131856,0.094006252,0.579099715,9.529569425,18.98374831,0.531279868,1.055445012,25.94,27.41,27.47,28.37,-0.24,-0.105,-0.54,0.107,1.3,-0.31,0.52,-0.03
5/1/2009,617.9,499.5,202.9,1214,774.3,1337,1304,2595,403.3,4996,5753,5115,0.287349022,0.127947731,0.686596572,9.664670741,19.89856417,0.474893974,0.976095696,24.76,27.54,27.99,28.9,0.09,0.328,0.68,-0.284,-0.2,-0.23,0.79,0.08
6/1/2009,691.6,653.4,267.6,1124,744.7,1177,1097,1995,262,4503,5679,5041,0.281977658,0.131365172,0.699181318,9.730545034,21.02696641,0.485102929,1.049857739,23.78,27.18,28.04,29.14,0.35,0.779,0.64,-0.476,0.2,0.05,0.59,0.15
7/1/2009,723.3,677.8,362.5,1125,781.5,1083,950.5,1516,158.3,4025,5375,4731,0.235444743,0.167738037,0.948065221,9.591169788,22.2216578,0.553567325,1.300051891,22.71,26.49,27.78,29.19,0.47,1.06,0.63,-0.848,0.4,0.45,0.39,0.22
8/1/2009,611,550.1,270.5,993,665,917.9,813.2,1567,181.3,3404,4748,4273,0.252763423,0.13597121,0.707378149,9.666667123,21.49654178,0.526369383,1.176524483,21.85,25.92,27.42,29.23,0.54,1.073,1.02,-1.309,-0.3,0.41,0.24,0.29
9/1/2009,430.4,389.7,170.8,740.8,461.6,727.7,669.3,1331,150.9,3303,4740,4205,0.203197582,0.097655657,0.504297674,9.709263081,21.99111203,0.622086658,1.413443209,21.23,25.69,27.4,29.33,0.65,0.735,0.35,-1.687,0.5,0.35,0.19,0.38
10/1/2009,448.7,333.8,146.1,802.8,509.2,789.4,945,1575,232.3,3143,4303,3898,0.294158936,0.101996709,0.658595324,9.54870537,19.48909841,0.456762131,0.929214872,21.34,25.76,27.6,29.68,0.95,0.909,1.83,-2.025,-2,0.63,0.45,0.41
11/1/2009,383.4,279.2,109.6,818.2,451.9,839.4,1092,1942,384,4448,5386,4906,0.217245585,0.089251517,0.731562018,9.178411512,19.49399292,0.557868367,1.1882254,21.99,26.18,28.16,29.82,1.31,1.121,1.51,-2.418,-1,0.51,0.3,0.42
12/1/2009,309.8,202,87.27,665.5,351,656.6,777.9,1355,223.3,3159,4156,3672,0.130460074,0.080104277,0.482341737,8.594879445,16.96818488,0.744430999,1.4688504,23.41,26.55,28.34,29.72,1.57,1.045,1.73,-2.571,-1.2,0.54,0.7,0.29
1/1/2010,279.8,153.2,60.45,376.8,225.7,390.9,487.3,948.3,77.4,1989,2440,1968,0.033483989,0.041806626,0.263370901,6.950538517,12.49039407,1.315404369,2.363786059,24.85,26.73,28.07,29.44,1.55,1.067,1.62,-2.649,-1.8,0.8,0.79,0.22
2/1/2010,,175.4,80.04,474,249.5,436.2,516.9,964.5,64.01,1523,1413,1431,0.089013961,0.062820664,0.356292218,8.465748398,14.69116827,0.928188889,1.609412046,26.22,27.28,28.01,29.08,1.31,1.52,1.94,-2.398,-2.4,1.07,0.68,0.15
3/1/2010,281.3,270.8,98.73,633.8,352.2,578.3,734,1471,120,2300,2103,2078,0.157252004,0.075510557,0.529195368,9.485579545,18.96113827,0.726709326,1.451923789,26.56,27.76,28.18,29.07,0.94,1.469,1.21,-2.127,-1.1,1.27,0.89,0.2
4/1/2010,595.4,439.5,255.3,1648,721.1,1592,1927,2760,229.2,3269,3310,3062,0.348212513,0.132569137,0.769868314,8.93165392,17.49705327,0.363931529,0.71265414,25.43,27.85,28.2,29.13,0.44,0.99,-0.14,-1.75,2,1.4,0.68,0.31
5/1/2010,792,635.4,202.5,1670,922.1,1696,2032,3244,426.4,4656,5170,4482,0.390300583,0.12992455,0.781130731,9.891163005,20.11716186,0.369630482,0.748359088,24.65,27.08,27.71,29.01,-0.09,0.668,-0.76,-1.548,1.5,1.35,0.62,0.39
6/1/2010,780.2,668.5,252.1,1479,860.4,1460,1754,2797,334.7,5764,6744,5602,0.367198007,0.138984642,0.884612203,9.618513325,21.23744849,0.375566826,0.844489777,23.14,25.91,27.04,28.66,-0.59,-0.211,-0.69,-0.957,0.6,1.11,0.85,0.4
7/1/2010,,674.2,243,1748,938.4,1825,2208,3376,350.8,6256,8295,6634,0.387452399,0.139750811,0.835323989,9.568538604,21.21194667,0.354094642,0.803288973,20.93,24.79,26.22,28.1,-1.03,-1.099,-2.17,-0.564,3,1.01,0.6,0.36
8/1/2010,,448.4,158,904.6,516.9,927.3,1119,2112,324.5,6225,9518,7087,0.343174283,0.201275807,0.835500777,10.02849042,23.04137332,0.428458268,0.990250409,19.7,23.97,25.47,27.54,-1.38,-1.662,-2.33,-0.218,3,0.97,0.48,0.27
9/1/2010,344.5,319.3,116.7,913.2,434.1,933.5,1137,3023,494.5,6572,9639,7081,0.368228512,0.149613109,0.731368303,9.920465921,21.6954173,0.392938576,0.858687392,19.5,23.61,25.12,27.32,-1.61,-1.868,-2.76,0.113,3.7,0.75,0.23,0.2
10/1/2010,365,277.9,131.2,936.9,460.9,997.1,1205,2940,350.8,7121,10139,7228,0.394282426,0.099149744,0.653696597,9.736657473,20.94859897,0.355016681,0.771378273,19.73,23.5,25.03,27.15,-1.7,-1.899,-2.35,0.681,2.9,0.77,0.43,0.1
11/1/2010,1163,794.7,215.3,2386,1439,2438,3017,5130,584.4,7371,10211,7202,0.47091184,0.118083454,0.854631603,9.06013575,19.21268591,0.266403701,0.583124935,20.34,23.59,25.06,27.11,-1.69,-1.49,-1.83,1.167,2.1,0.7,0.4,-0.01
12/1/2010,850.6,581.9,134,1932,1119,2013,2382,4198,400.8,7296,10866,7326,0.32698481,0.090225139,0.645572186,9.713222938,20.04636312,0.424193455,0.876533937,21.91,23.73,25,27.09,-1.59,-1.577,-2.99,1.53,4.8,0.96,0.41,-0.13
1/1/2011,582.5,434,107.3,1116,709.7,1241,1583,2267,209.2,4784,8651,5932,0.097551507,0.064741546,0.349318326,8.604152063,15.63198194,0.893744585,1.622378529,24.08,24.4,25,26.92,-1.37,-1.739,-2.46,1.523,3.8,0.97,0.45,-0.2
2/1/2011,511,347.1,119.6,1073,602.5,1032,1528,2152,191.1,3276,5251,3819,0.204068085,0.118966596,0.515538394,8.289807431,15.04477699,0.528439845,0.957924975,25.94,25.63,25.64,27.15,-1.09,-1.563,-3.07,1.577,4.5,0.53,0.59,-0.13
3/1/2011,973.9,667.2,164.8,1860,1130,1889,2491,3716,476.4,4200,5231,4079,0.246754686,0.111477295,0.575600326,8.927104345,17.5302191,0.49201508,0.967287776,25.61,26.47,26.36,27.51,-0.83,-1.575,-2.34,1.546,4.2,0.41,0.72,0.02
4/1/2011,1644,1010,254.7,2794,2102,3225,4065,6021,636.9,5535,6600,4992,0.433944734,0.185775609,0.944737792,8.934434355,17.33312863,0.296533998,0.57312146,25.34,27.25,27.05,27.89,-0.64,-1.399,-1.69,1.271,3.1,0.33,0.49,0.12
5/1/2011,1259,1075,355.8,2434,1454,2779,3176,4567,370.5,7161,9484,6564,0.363687174,0.098942,0.865848124,9.948941164,20.51398886,0.394816667,0.815209397,24.53,26.96,27.41,28.35,-0.47,-0.202,-0.53,0.844,0.6,0.41,0.3,0.21
6/1/2011,1056,816.9,295.3,1817,1250,1919,2456,3259,247.5,6060,9642,6545,0.359145914,0.15842102,0.860199034,9.662174233,21.70142797,0.38808447,0.887923697,23.42,26.5,27.35,28.46,-0.38,0.016,-0.23,0.675,0.4,0.59,0.2,0.16
7/1/2011,1097,958.2,379.3,1324,1036,1344,1824,2585,211.5,4869,8713,6018,0.348751394,0.170533693,1.047106028,9.309968802,21.3177189,0.383646336,0.899700014,22.06,25.61,26.87,28.42,-0.46,-0.191,-0.81,0.387,1.6,0.43,0.27,0.18
8/1/2011,610.2,514.5,159.3,980.4,759.8,1014,1432,2268,210.3,4463,7923,5503,0.23876015,0.114076654,0.630557299,9.710764475,22.18746126,0.550762308,1.26546371,20.79,24.73,26.21,28.16,-0.65,-0.502,-0.77,0.168,0.7,0.49,0.2,0.16
9/1/2011,489.2,362.4,206.5,808.8,648.2,810.3,1184,1785,158.4,4051,7140,5060,0.27658672,0.095613879,0.625345469,9.777469621,21.90543735,0.49106122,1.111852156,19.99,24.29,25.92,28,-0.89,-0.769,-1.2,-0.029,1.7,0.36,0.24,0.11
10/1/2011,675.7,529.5,180.7,1339,842.9,1350,1792,3274,352.5,5062,7575,5414,0.37867295,0.118432483,0.704696178,9.844641644,21.82827214,0.375453495,0.85157694,20.24,23.92,25.67,27.86,-1.06,-0.933,-1.13,0.07,1.2,0.44,0.28,0.04
11/1/2011,1173,817.1,217.6,2086,1471,2088,2794,4739,489.9,6193,8725,6107,0.426274775,0.09292955,0.686830401,9.494943495,19.32692447,0.315730895,0.647782689,21.09,23.98,25.52,27.8,-1.14,-0.949,-1.4,0.363,1.8,0.21,-0.05,0.02
12/1/2011,1713,1272,344,2646,2188,2379,3867,5970,464.1,7286,10254,6922,0.293775978,0.108902198,0.762630641,9.153414102,18.71804783,0.436906728,0.895512765,22.13,24.31,25.54,27.53,-1.03,-0.957,-2.37,0.844,4.1,0.23,-0.48,0.05
1/1/2012,876.4,825.1,203.8,1440,1067,1464,1914,3291,240.2,4787,8172,6154,0.179212695,0.135562486,0.746797264,7.575190156,14.78015089,0.531928783,1.040265267,24.38,25.09,25.67,27.3,-0.81,-0.993,-1.3,1.082,1.8,0.16,-0.32,0.12
2/1/2012,633.3,575.2,206.8,1162,828.6,,1516,2477,154.2,3439,4952,3962,0.095825651,0.076146905,0.404761702,7.708465638,14.13541337,0.808462738,1.483291691,26.46,26.22,26.08,27.29,-0.62,-0.695,-0.84,1.479,0.8,-0.02,-0.51,0.13
3/1/2012,752.2,717,304.4,1279,995.4,1281,1543,2491,216.6,2907,3701,3116,0.188125534,0.083913551,0.485087067,9.071441007,17.24190133,0.613164795,1.164226202,26.65,27.02,26.67,27.56,-0.5,-0.398,-0.85,1.613,1.2,-0.26,-0.08,0.13
4/1/2012,999.2,788.1,267.8,1905,1344,1798,2394,4166,437.3,4442,4918,4366,0.400629642,0.136460165,0.7048195,9.375315653,18.53152864,0.336692979,0.666032903,26.44,27.56,27.32,28.03,-0.38,0.112,-0.08,1.596,-0.4,-0.17,-0.33,0.15
5/1/2012,533.1,385,233.6,1271,700.8,1308,1732,3375,378.1,5833,7541,6241,0.301691322,0.134506288,0.672453701,9.897396295,21.59005694,0.466823982,1.018553308,25.29,27.34,27.61,28.4,-0.18,0.769,0.06,1.191,0.1,0.09,-0.04,0.2
6/1/2012,555.1,500.3,247.4,1012,692.2,944.5,1281,1565,153.9,4110,6535,5187,0.222872659,0.140508981,0.701194584,9.536265934,21.73719814,0.572731764,1.315613409,24.14,27.05,27.75,28.58,0.05,0.866,0.56,0.601,-0.7,0.31,0.04,0.24
7/1/2012,525,441.3,256.6,1020,691.2,880.7,1089,1339,134.9,3251,4851,3952,0.219089112,0.140650071,0.698040009,9.752124082,21.88312889,0.593207753,1.341838021,22.36,26.37,27.54,28.64,0.27,1.128,0.62,-0.046,-0.1,0.3,-0.03,0.24
8/1/2012,484,450.6,246.4,1023,647.6,861.6,942.4,1284,172.6,3242,4937,4136,0.237512538,0.126593729,0.592287302,9.677752297,23.29986479,0.551666289,1.340252793,21.07,25.64,27.32,28.86,0.33,0.628,0.67,-0.718,-0.3,0.52,-0.08,0.28
9/1/2012,422.2,403.7,182.8,811.5,577.7,723.7,737.9,985.4,101.6,2916,5082,4096,0.211250144,0.109225224,0.518475711,9.598431823,22.82154636,0.598245817,1.429393375,20.79,25.24,27.1,28.97,0.31,0.339,0.24,-1.412,0.4,0.72,0.02,0.33
10/1/2012,444.2,377.3,182.6,1060,714.8,941.7,1015,1806,272.6,3693,4940,4189,0.376398747,0.096031688,0.653413832,9.786993298,20.67061196,0.374043443,0.793934826,20.65,25,26.98,29.07,0.21,0.081,-0.05,-1.74,0.5,0.78,0.03,0.34
11/1/2012,467.2,353.6,129.6,1158,876.6,1036,1170,2272,239.9,4447,5764,4895,0.245473754,0.09472346,0.660807014,8.824431558,18.23738878,0.486832721,1.00815138,21.24,25.08,26.86,29,0.01,0.125,0.03,-1.626,0.4,0.75,0.03,0.35
12/1/2012,524.1,374.2,139,1071,804.9,914.5,1049,1923,190.5,3552,4847,4113,0.164157887,0.090211923,0.587511599,8.742535633,16.16549449,0.65061979,1.20199868,21.96,24.8,26.34,28.6,-0.21,0.094,0.46,-1.515,-1,0.55,0.18,0.31
1/1/2013,278.2,,73.22,549.3,407.8,588.1,616.8,1151,101.2,2103,2623,2165,0.05572013,0.066290845,0.387337565,7.440085477,13.47235251,1.068587232,1.936009716,23.89,25,26.01,28.24,-0.38,0.096,-0.13,-1.149,-0.1,0.44,0.39,0.36
2/1/2013,519.9,,152.5,1202,907.5,1073,1299,2129,165.3,2471,1916,2146,0.206663091,0.120559771,0.675527215,8.759294646,16.02315929,0.55613556,1.014931501,25.37,25.84,26.24,28.01,-0.33,-0.08,-0.04,-0.999,-0.4,0.4,0.25,0.3
3/1/2013,436.4,408.5,143.2,1103,694.9,1037,1315,2335,219,2912,2237,2576,0.194309448,0.088030674,0.502703249,9.26807992,18.88503118,0.613337103,1.250191266,25.81,27.08,27.03,27.95,-0.24,-0.037,-1.11,-1.167,2.5,0.7,0.26,0.21
4/1/2013,393,371.8,139.9,960.6,524.5,891.5,1067,2081,266,3097,2599,2713,0.284507837,0.115259802,0.637801826,9.592381055,18.97533299,0.474012093,0.934699417,24.31,27.22,27.57,28.36,-0.21,0.095,-0.13,-1.528,0.4,0.53,0.35,0.08
5/1/2013,575.6,481.1,221,1496,785.9,1601,1765,3595,437.2,4558,4287,3996,0.388378101,0.114996165,0.73347944,9.545722593,19.75988237,0.353496098,0.736641249,22.83,26.43,27.53,28.69,-0.27,0.203,-0.74,-1.929,1.3,0.64,0.48,0.01
6/1/2013,514.3,482,230.8,1030,666.9,1038,1232,2154,217.8,4736,5912,5063,0.25996228,0.123643855,0.676674426,9.568826634,21.12727878,0.50732076,1.127954128,21.22,25.73,27.3,28.77,-0.34,-0.078,-0.78,-2.379,2,0.32,0.28,-0.03
7/1/2013,675.2,683.9,375.7,1183,914.3,1078,1264,1767,130.8,3506,4698,3975,0.178975679,0.109245165,0.622357309,9.137927989,20.44840904,0.640897985,1.442087842,20.36,25.1,26.91,28.66,-0.38,-0.311,-0.7,-2.398,1.3,0.34,0.23,-0.03
8/1/2013,548.2,526.8,284,1037,807.4,968,1150,1760,166.5,3324,4128,3534,0.307270484,0.16061185,0.768102825,9.588831756,22.11203427,0.443746063,1.037129106,19.85,24.47,26.47,28.61,-0.35,-0.466,-0.32,-2.185,0.3,0.56,0.25,-0.03
9/1/2013,452.9,455.7,188.4,781.6,691.3,809.4,912.4,1719,141.9,3941,5385,4677,0.299157624,0.138674398,0.655857265,9.746831335,22.65714777,0.461477605,1.083668566,19.95,24.58,26.54,28.65,-0.31,-0.133,-0.18,-1.936,0.5,0.61,0.03,0.18
10/1/2013,387.1,365.3,155.8,839.1,649.9,797.6,887.4,2205,215.1,4479,5659,4875,0.268991762,0.096104812,0.55204159,9.582845909,21.20077946,0.49368022,1.096539281,20.27,24.79,26.52,28.72,-0.23,0.13,-0.14,-1.583,-0.1,0.66,0.04,0.29
11/1/2013,479,326.1,153.1,1191,828.1,1054,1241,2561,329.2,4828,6195,5370,0.289409674,0.115618306,0.620099187,9.312704894,18.96704496,0.451971873,0.920620116,21.09,24.9,26.56,28.74,-0.22,-0.053,-0.54,-1.043,1.2,0.32,-0.07,0.32
12/1/2013,633.5,519.8,183.3,1553,1098,1414,1863,3474,322.6,4902,6034,5194,0.175216315,0.106101869,0.517823279,8.326074927,16.21204687,0.592451548,1.153565241,22.37,25.09,26.43,28.48,-0.27,-0.248,-0.01,-1.077,0.1,0.27,0.11,0.2
1/1/2014,367.3,309.7,134.8,833.2,617,926.1,1067,1996,191.1,3270,3762,3396,0.092112395,0.072099051,0.450262785,7.504423951,15.01304722,0.805515764,1.612802635,24.56,25.23,26.05,28.14,-0.37,-0.275,-1.26,-1.358,2.4,0.13,0.11,0.16
2/1/2014,328.9,,111,817.4,580.1,846.3,893.7,1932,214.8,2530,2406,2389,0.166831945,0.118242079,0.51192683,9.339667148,16.2061449,0.694015154,1.198739189,25.49,25.62,26.14,28.27,-0.36,-0.266,-0.37,-1.503,0.1,-0.08,0.22,0.19
3/1/2014,642.7,575.7,185.4,1393,1093,1338,1566,2898,258.6,3489,2943,3044,0.17465991,0.099438899,0.499842197,8.770152997,16.21581808,0.625487121,1.156084139,26.17,26.89,27,28.6,-0.17,0.027,0.54,-1.408,-1.5,-0.35,0.22,0.23
4/1/2014,486.3,432.7,181.9,1208,840.3,1230,1392,2253,167.3,2919,2590,2710,0.231641825,0.094668585,0.571441591,9.040853864,17.73234823,0.522688456,1.024491689,25.51,27.64,27.9,28.98,0.13,0.312,-0.17,-1.483,1.3,-0.21,0.23,0.18
5/1/2014,677.7,,272.8,1587,1075,1720,1988,3609,286.6,4653,4227,4320,0.314272172,0.120737814,0.799439073,9.181602432,19.52009058,0.412824537,0.888637773,25.48,27.64,28.25,29.45,0.3,1.01,0.09,-1.122,0.9,-0.06,0.48,0.1
6/1/2014,727.4,819.3,359.7,1496,1103,1548,1658,2302,132.4,4061,4108,4458,0.213993121,0.135338284,0.761360168,8.787009496,19.59705536,0.541548908,1.22294484,24.67,27.15,27.96,29.36,0.23,1.057,0.37,-0.636,0.3,-0.05,0.47,0.13
7/1/2014,809.1,901.3,470.3,1415,1193,1471,1558,1953,75.02,2914,2904,3203,0.177223566,0.136242782,0.716145813,9.60447824,21.1896882,0.682268203,1.513158965,22.94,26.12,27.23,29.04,0.07,0.921,0.42,-0.406,-0.3,0.14,0.17,0.21
8/1/2014,648.6,642.9,332,1126,943.7,1116,1155,1413,70.19,2319,2767,2980,0.237454443,0.144356061,0.756330192,9.69122393,22.56383018,0.553745137,1.300571345,21.9,25.3,26.82,29.04,0.03,0.961,0.7,-0.499,-1.2,0.23,0.24,0.3
9/1/2014,410.9,450,219.1,949.6,786.3,884.9,1011,1869,118,2776,3814,3802,0.291610086,0.131299322,0.61545527,9.780166403,22.37171504,0.472971212,1.090351757,21.52,25.27,27.01,29.16,0.18,0.585,0.97,-0.813,-1.2,0.51,0.26,0.34
10/1/2014,448.3,412.7,212.5,925.6,602,910.9,1055,2313,316.9,4149,4765,4742,0.34196715,0.104318711,0.65164572,9.533153934,20.55173379,0.398616218,0.862566604,21.71,25.56,27.16,29.24,0.44,0.438,0.76,-1.238,-1,0.56,0.16,0.35
11/1/2014,582.2,489.1,199.7,1300,916.6,1204,1510,3061,388.3,5288,5858,5746,0.27856545,0.100461366,0.61139977,9.216204727,18.83967445,0.460437282,0.941365909,22.45,25.88,27.46,29.43,0.59,0.763,1.24,-1.715,-1.5,0.35,-0.32,0.35
12/1/2014,499.5,419.8,165.7,1064,777.6,1044,1282,2459,251.4,4565,5780,5595,0.186951071,0.088278716,0.620343447,8.37421845,17.05478219,0.566757749,1.156641244,23.22,25.91,27.31,29.3,0.66,0.558,0.87,-2.117,-0.9,0.34,-0.12,0.36
