date,LEVEL,RAIN
1-Mar-00,284,19.9
2-Mar-00,261,39.5
3-Mar-00,253,61.9
4-Mar-00,266,106.3
5-Mar-00,264,13.3
6-Mar-00,247,18.2
7-Mar-00,247,62
8-Mar-00,244,25.6
9-Mar-00,235,18.2
10-Mar-00,236,47.1
11-Mar-00,232,18.1
12-Mar-00,225,83.5
13-Mar-00,230,15.7
14-Mar-00,224,41.3
15-Mar-00,225,7.2
16-Mar-00,221,0.4
17-Mar-00,214,5.8
18-Mar-00,212,50.6
19-Mar-00,216,76.7
20-Mar-00,238,21.1
21-Mar-00,235,3.7
22-Mar-00,216,12.4
23-Mar-00,220,112.5
24-Mar-00,238,195.6
25-Mar-00,339,62.5
26-Mar-00,295,15.8
27-Mar-00,254,213
28-Mar-00,319,1.6
29-Mar-00,262,14.4
30-Mar-00,255,20
31-Mar-00,258,8.6
1-Apr-00,239,2.3
2-Apr-00,228,0
3-Apr-00,221,11
4-Apr-00,221,91.3
5-Apr-00,243,134.9
6-Apr-00,247,37.3
7-Apr-00,245,28.6
8-Apr-00,252,15.5
9-Apr-00,246,5.4
10-Apr-00,227,9
11-Apr-00,225,34.8
12-Apr-00,235,103.9
13-Apr-00,276,54.5
14-Apr-00,272,25.2
15-Apr-00,264,94.3
16-Apr-00,271,20.3
17-Apr-00,288,98
18-Apr-00,276,91.3
19-Apr-00,291,11
20-Apr-00,263,1.7
21-Apr-00,240,6.7
22-Apr-00,236,18.4
23-Apr-00,260,27.6
24-Apr-00,259,15.1
25-Apr-00,252,3.7
26-Apr-00,237,18
27-Apr-00,242,15.9
28-Apr-00,233,61.4
29-Apr-00,255,27.4
30-Apr-00,266,7.2
1-May-00,243,71.6
2-May-00,242,17.6
3-May-00,237,45.3
4-May-00,276,47.7
5-May-00,288,28.3
6-May-00,277,29.6
7-May-00,270,45.2
8-May-00,289,13.4
9-May-00,266,31.5
10-May-00,267,17.5
11-May-00,266,10.6
12-May-00,259,25.1
13-May-00,276,28.7
14-May-00,278,35
15-May-00,270,8.5
16-May-00,250,24.7
17-May-00,253,216.9
18-May-00,339,74.2
19-May-00,340,27.6
20-May-00,288,275.1
21-May-00,372,31.2
22-May-00,314,64.3
23-May-00,348,81.2
24-May-00,333,18.3
25-May-00,305,31.9
26-May-00,314,24.8
27-May-00,300,70.8
28-May-00,315,32.5
29-May-00,310,19.6
30-May-00,299,44.6
31-May-00,286,33.9
1-Jun-00,281,28.9
2-Jun-00,276,22
3-Jun-00,254,4.2
4-Jun-00,245,46.3
5-Jun-00,259,3
6-Jun-00,241,27.6
7-Jun-00,249,10.4
8-Jun-00,245,9.5
9-Jun-00,245,7.8
10-Jun-00,242,19.4
11-Jun-00,235,18.7
12-Jun-00,233,44.8
13-Jun-00,239,1.9
14-Jun-00,227,44.9
15-Jun-00,224,95.4
16-Jun-00,254,78.9
17-Jun-00,314,21
18-Jun-00,289,16.3
19-Jun-00,259,17.4
20-Jun-00,237,56.5
21-Jun-00,253,27.6
22-Jun-00,262,37.3
23-Jun-00,308,69.4
24-Jun-00,289,244.1
25-Jun-00,318,11.7
26-Jun-00,269,34.3
27-Jun-00,276,31.4
28-Jun-00,266,5.3
29-Jun-00,247,3.9
30-Jun-00,239,17.8
1-Jul-00,236,1
2-Jul-00,227,12.9
3-Jul-00,226,7.5
4-Jul-00,237,18.9
5-Jul-00,257,10.8
6-Jul-00,283,10.3
7-Jul-00,261,3.3
8-Jul-00,236,2
9-Jul-00,225,0
10-Jul-00,221,0
11-Jul-00,219,2.2
12-Jul-00,215,7.1
13-Jul-00,221,21.3
14-Jul-00,280,15.8
15-Jul-00,293,2
16-Jul-00,249,4
17-Jul-00,228,0.3
18-Jul-00,230,38.5
19-Jul-00,250,117.9
20-Jul-00,259,22.4
21-Jul-00,255,33.8
22-Jul-00,247,3
23-Jul-00,239,1.2
24-Jul-00,222,28.5
25-Jul-00,228,25
26-Jul-00,275,24.7
27-Jul-00,322,4
28-Jul-00,269,3
29-Jul-00,251,10.7
30-Jul-00,269,13.6
31-Jul-00,306,1.1
1-Aug-00,242,2
2-Aug-00,232,23.7
3-Aug-00,237,57.2
4-Aug-00,302,9.4
5-Aug-00,269,4
6-Aug-00,242,18
7-Aug-00,229,10.8
8-Aug-00,250,17.2
9-Aug-00,246,18.7
10-Aug-00,273,19.2
11-Aug-00,285,2.9
12-Aug-00,252,0
13-Aug-00,228,4.3
14-Aug-00,220,0.9
15-Aug-00,219,49.2
16-Aug-00,316,33
17-Aug-00,313,12.8
18-Aug-00,296,30.9
19-Aug-00,285,4.8
20-Aug-00,253,2
21-Aug-00,235,8.2
22-Aug-00,228,20.4
23-Aug-00,270,5.4
24-Aug-00,266,48.8
25-Aug-00,305,81.6
26-Aug-00,332,4.7
27-Aug-00,260,30.4
28-Aug-00,298,18.1
29-Aug-00,287,48.6
30-Aug-00,295,3.9
31-Aug-00,242,42.7
1-Sep-00,282,12.7
2-Sep-00,247,5.3
3-Sep-00,235,25.9
4-Sep-00,267,71.1
5-Sep-00,280,13.7
6-Sep-00,247,53.4
7-Sep-00,251,78.9
8-Sep-00,247,12.5
9-Sep-00,236,28.9
10-Sep-00,235,13.5
11-Sep-00,228,17.8
12-Sep-00,230,4.7
13-Sep-00,222,5.4
14-Sep-00,220,48.1
15-Sep-00,241,14.2
16-Sep-00,229,3.8
17-Sep-00,226,5.7
18-Sep-00,237,14.5
19-Sep-00,239,14.2
20-Sep-00,237,7.2
21-Sep-00,222,22.7
22-Sep-00,229,220.6
23-Sep-00,247,63.1
24-Sep-00,263,32.4
25-Sep-00,255,90.2
26-Sep-00,314,15.4
27-Sep-00,261,46.6
28-Sep-00,273,2.8
29-Sep-00,239,11.8
30-Sep-00,228,22.9
1-Oct-00,261,16
2-Oct-00,258,36.7
3-Oct-00,236,31.9
4-Oct-00,227,18.3
5-Oct-00,241,15.6
6-Oct-00,223,26.8
7-Oct-00,219,8.1
8-Oct-00,217,37.4
9-Oct-00,237,17
10-Oct-00,249,15.4
11-Oct-00,252,1
12-Oct-00,226,15
13-Oct-00,215,5.5
14-Oct-00,212,18.3
15-Oct-00,221,47.1
16-Oct-00,244,92.8
17-Oct-00,246,9.2
18-Oct-00,224,9.3
19-Oct-00,227,33.6
20-Oct-00,231,33.3
21-Oct-00,220,38.4
22-Oct-00,234,4
23-Oct-00,226,118.7
24-Oct-00,245,129.1
25-Oct-00,287,104.1
26-Oct-00,247,131.8
27-Oct-00,262,62.2
28-Oct-00,265,5.2
29-Oct-00,236,67.9
30-Oct-00,247,63
31-Oct-00,234,74.1
1-Nov-00,270,64.3
2-Nov-00,249,34.9
3-Nov-00,245,3.7
4-Nov-00,225,15.4
5-Nov-00,227,24.4
6-Nov-00,233,32.4
7-Nov-00,237,27.3
8-Nov-00,239,24.5
9-Nov-00,231,1.4
10-Nov-00,231,25.9
11-Nov-00,236,57.3
12-Nov-00,228,5
13-Nov-00,215,13.8
14-Nov-00,214,15.8
15-Nov-00,231,52.7
16-Nov-00,268,17.4
17-Nov-00,242,53.4
18-Nov-00,286,70.7
19-Nov-00,283,82.2
20-Nov-00,287,66.5
21-Nov-00,265,51.8
22-Nov-00,267,37.7
23-Nov-00,253,8.6
24-Nov-00,236,32.2
25-Nov-00,251,0
26-Nov-00,235,0.3
27-Nov-00,223,0
28-Nov-00,218,38.4
29-Nov-00,225,3
30-Nov-00,225,7.1
1-Dec-00,216,8.5
2-Dec-00,213,9
3-Dec-00,219,49.6
4-Dec-00,213,57.4
5-Dec-00,213,40.9
6-Dec-00,217,29.6
7-Dec-00,244,293
8-Dec-00,304,26.2
9-Dec-00,260,1.3
10-Dec-00,229,14
11-Dec-00,234,8
12-Dec-00,225,80.5
13-Dec-00,224,19.8
14-Dec-00,217,5.6
15-Dec-00,221,24.7
16-Dec-00,210,10.4
17-Dec-00,211,15.9
18-Dec-00,218,46.8
19-Dec-00,226,14
20-Dec-00,233,21.7
21-Dec-00,222,0.5
22-Dec-00,211,1
23-Dec-00,206,2
24-Dec-00,207,16.2
25-Dec-00,209,17
26-Dec-00,222,7.3
27-Dec-00,213,11.1
28-Dec-00,212,47.5
29-Dec-00,227,86.8
30-Dec-00,253,44.2
31-Dec-00,251,10.6
1-Jan-01,230,2.7
2-Jan-01,224,0
3-Jan-01,209,0
4-Jan-01,204,51.3
5-Jan-01,212,155
6-Jan-01,253,53.4
7-Jan-01,223,1.5
8-Jan-01,207,0.1
9-Jan-01,201,5.5
10-Jan-01,202,106.3
11-Jan-01,217,19.1
12-Jan-01,206,23.6
13-Jan-01,200,26
14-Jan-01,202,0
15-Jan-01,195,1.5
16-Jan-01,193,40.5
17-Jan-01,196,29.6
18-Jan-01,197,15.3
19-Jan-01,201,6
20-Jan-01,198,145.9
21-Jan-01,207,15
22-Jan-01,200,9.2
23-Jan-01,207,32.4
24-Jan-01,212,2.5
25-Jan-01,201,0
26-Jan-01,196,0
27-Jan-01,192,0
28-Jan-01,190,0
29-Jan-01,189,0
30-Jan-01,187,0
31-Jan-01,186,0
1-Feb-01,186,0
2-Feb-01,186,18
3-Feb-01,187,44.7
4-Feb-01,198,0
5-Feb-01,190,2.1
6-Feb-01,188,0
7-Feb-01,187,18
8-Feb-01,194,13.5
9-Feb-01,213,26.6
10-Feb-01,218,0
11-Feb-01,207,0
12-Feb-01,195,0
13-Feb-01,190,0
14-Feb-01,188,0
15-Feb-01,186,0
16-Feb-01,184,1
17-Feb-01,185,0
18-Feb-01,185,0.1
19-Feb-01,184,0
20-Feb-01,184,134.3
21-Feb-01,217,109.3
22-Feb-01,243,129.5
23-Feb-01,267,129.4
24-Feb-01,263,8.7
25-Feb-01,230,12
26-Feb-01,209,46.7
27-Feb-01,238,70.8
28-Feb-01,242,205.1
1-Mar-01,247,16
2-Mar-01,222,32.4
3-Mar-01,217,21.2
4-Mar-01,216,65.9
5-Mar-01,249,41.1
6-Mar-01,223,31.7
7-Mar-01,220,27.6
8-Mar-01,221,16.4
9-Mar-01,222,41
10-Mar-01,211,2.6
11-Mar-01,205,20.8
12-Mar-01,199,0
13-Mar-01,195,7
14-Mar-01,192,157.9
15-Mar-01,206,72
16-Mar-01,205,59.4
17-Mar-01,218,27.8
18-Mar-01,207,90.7
19-Mar-01,220,27.8
20-Mar-01,220,32.4
21-Mar-01,234,168.8
22-Mar-01,282,77.6
23-Mar-01,296,22.4
24-Mar-01,248,25.6
25-Mar-01,238,6.1
26-Mar-01,220,13.3
27-Mar-01,212,2.7
28-Mar-01,205,32.7
29-Mar-01,205,17.8
30-Mar-01,216,11.9
31-Mar-01,213,5
1-Apr-01,204,124.2
2-Apr-01,217,12.5
3-Apr-01,205,0
4-Apr-01,198,4.3
5-Apr-01,195,7.4
6-Apr-01,195,38.4
7-Apr-01,231,51.6
8-Apr-01,259,4
9-Apr-01,215,4.7
10-Apr-01,204,18.9
11-Apr-01,205,13.4
12-Apr-01,201,52.9
13-Apr-01,239,4.3
14-Apr-01,226,8.1
15-Apr-01,215,10.1
16-Apr-01,219,58
17-Apr-01,251,32.3
18-Apr-01,259,18.5
19-Apr-01,222,37.5
20-Apr-01,215,65.4
21-Apr-01,211,11.4
22-Apr-01,205,23
23-Apr-01,207,92.7
24-Apr-01,268,25.9
25-Apr-01,229,27.3
26-Apr-01,229,7.4
27-Apr-01,239,11.2
28-Apr-01,239,8.4
29-Apr-01,240,10.6
30-Apr-01,229,26.7
1-May-01,261,3
2-May-01,239,4.4
3-May-01,219,14.5
4-May-01,220,45.9
5-May-01,257,3.2
6-May-01,224,8.3
7-May-01,212,40.1
8-May-01,228,86.7
9-May-01,259,152.7
10-May-01,298,29.6
11-May-01,256,0
12-May-01,223,8.4
13-May-01,213,14
14-May-01,227,3.3
15-May-01,213,25
16-May-01,210,1.1
17-May-01,204,12
18-May-01,210,21.5
19-May-01,231,120.8
20-May-01,284,17.1
21-May-01,243,14.4
22-May-01,242,40.7
23-May-01,232,37
24-May-01,232,39.8
25-May-01,230,18.4
26-May-01,234,105.7
27-May-01,240,145.9
28-May-01,324,18
29-May-01,273,35.4
30-May-01,268,59.5
31-May-01,282,4.7
1-Jun-01,254,7.8
2-Jun-01,237,104.2
3-Jun-01,267,17.8
4-Jun-01,255,11.4
5-Jun-01,246,26
6-Jun-01,251,11.1
7-Jun-01,241,28.2
8-Jun-01,252,33.9
9-Jun-01,259,49.3
10-Jun-01,279,82.6
11-Jun-01,358,26.4
12-Jun-01,291,27.7
13-Jun-01,280,9
14-Jun-01,261,6.2
15-Jun-01,237,2.2
16-Jun-01,232,2.1
17-Jun-01,221,5.7
18-Jun-01,217,27.4
19-Jun-01,272,63.9
20-Jun-01,350,22.7
21-Jun-01,327,3.1
22-Jun-01,262,1.2
23-Jun-01,236,1.2
24-Jun-01,230,2
25-Jun-01,235,0
26-Jun-01,218,1.3
27-Jun-01,240,27.9
28-Jun-01,301,58.5
29-Jun-01,405,32.3
30-Jun-01,323,13.3
1-Jul-01,311,21.2
2-Jul-01,280,15.9
3-Jul-01,283,5
4-Jul-01,244,4.3
5-Jul-01,239,64.2
6-Jul-01,321,38.8
7-Jul-01,293,9.4
8-Jul-01,249,32.1
9-Jul-01,256,6.1
10-Jul-01,244,8.4
11-Jul-01,243,20.4
12-Jul-01,249,5.3
13-Jul-01,235,15.6
14-Jul-01,250,19.8
15-Jul-01,229,38.4
16-Jul-01,237,3.4
17-Jul-01,228,5.8
18-Jul-01,225,22.7
19-Jul-01,228,15.9
20-Jul-01,248,10.3
21-Jul-01,251,15.8
22-Jul-01,264,18.2
23-Jul-01,274,5
24-Jul-01,246,0
25-Jul-01,223,0
26-Jul-01,214,16.9
27-Jul-01,220,5.4
28-Jul-01,225,39
29-Jul-01,238,2
30-Jul-01,221,30.6
31-Jul-01,263,12
1-Aug-01,249,11.5
2-Aug-01,273,23.6
3-Aug-01,301,23
4-Aug-01,313,26.7
5-Aug-01,292,4
6-Aug-01,243,0
7-Aug-01,224,26.7
8-Aug-01,227,16.3
9-Aug-01,261,12.2
10-Aug-01,247,16.9
11-Aug-01,333,25
12-Aug-01,310,0
13-Aug-01,241,0
14-Aug-01,225,0
15-Aug-01,217,11.1
16-Aug-01,229,14.8
17-Aug-01,246,42.2
18-Aug-01,278,32.3
19-Aug-01,261,4
20-Aug-01,235,9.6
21-Aug-01,290,61.7
22-Aug-01,365,17.8
23-Aug-01,289,0
24-Aug-01,237,0.4
25-Aug-01,222,15.2
26-Aug-01,217,6.8
27-Aug-01,216,1.2
28-Aug-01,210,5
29-Aug-01,208,1
30-Aug-01,205,0
31-Aug-01,202,0.2
1-Sep-01,200,1.3
2-Sep-01,201,14.8
3-Sep-01,219,14.3
4-Sep-01,209,25.2
5-Sep-01,238,62.1
6-Sep-01,322,21.9
7-Sep-01,272,1
8-Sep-01,226,0.7
9-Sep-01,213,76.4
10-Sep-01,232,31.1
11-Sep-01,242,42.3
12-Sep-01,298,7.4
13-Sep-01,246,40.4
14-Sep-01,286,114.8
15-Sep-01,268,3.6
16-Sep-01,238,12.5
17-Sep-01,234,0
18-Sep-01,218,18.6
19-Sep-01,215,3.1
20-Sep-01,225,2
21-Sep-01,215,18.7
22-Sep-01,222,5
23-Sep-01,213,31.2
24-Sep-01,238,15.8
25-Sep-01,214,0.1
26-Sep-01,206,3
27-Sep-01,204,29.9
28-Sep-01,256,13
29-Sep-01,236,2.5
30-Sep-01,219,1.3
1-Oct-01,209,0
2-Oct-01,202,11.6
3-Oct-01,204,16.7
4-Oct-01,219,19.7
5-Oct-01,230,1.6
6-Oct-01,208,3
7-Oct-01,203,8.8
8-Oct-01,203,0
9-Oct-01,198,0
10-Oct-01,195,7
11-Oct-01,194,4.4
12-Oct-01,192,0
13-Oct-01,191,7.5
14-Oct-01,192,4.4
15-Oct-01,193,10.8
16-Oct-01,193,180.7
17-Oct-01,224,44.7
18-Oct-01,217,17.4
19-Oct-01,211,33.3
20-Oct-01,214,74.1
21-Oct-01,221,93.1
22-Oct-01,224,113.3
23-Oct-01,235,72.8
24-Oct-01,251,22.2
25-Oct-01,228,3
26-Oct-01,213,0.1
27-Oct-01,202,6.1
28-Oct-01,204,16.3
29-Oct-01,201,27.8
30-Oct-01,203,95.7
31-Oct-01,205,43.9
1-Nov-01,201,201.2
2-Nov-01,238,6.1
3-Nov-01,211,0
4-Nov-01,201,0
5-Nov-01,195,19.8
6-Nov-01,198,55.6
7-Nov-01,211,6.6
8-Nov-01,201,7.5
9-Nov-01,198,12.7
10-Nov-01,200,12
11-Nov-01,201,25.1
12-Nov-01,209,68.7
13-Nov-01,225,81.8
14-Nov-01,226,99.9
15-Nov-01,232,75.6
16-Nov-01,221,17.6
17-Nov-01,222,2.3
18-Nov-01,215,11.1
19-Nov-01,222,53.7
20-Nov-01,220,69.7
21-Nov-01,221,9.2
22-Nov-01,221,4.1
23-Nov-01,213,27.6
24-Nov-01,209,65.6
25-Nov-01,205,177.1
26-Nov-01,216,85.1
27-Nov-01,243,85.6
28-Nov-01,269,174.9
29-Nov-01,288,17.1
30-Nov-01,265,59.2
1-Dec-01,268,22.2
2-Dec-01,260,24.4
3-Dec-01,260,93.1
4-Dec-01,272,84.9
5-Dec-01,250,20.5
6-Dec-01,233,73.6
7-Dec-01,226,0
8-Dec-01,219,96.1
9-Dec-01,245,44.9
10-Dec-01,231,19.2
11-Dec-01,235,0.4
12-Dec-01,222,0.6
13-Dec-01,213,70.3
14-Dec-01,235,55.8
15-Dec-01,217,30.7
16-Dec-01,219,24.1
17-Dec-01,216,29.5
18-Dec-01,235,64.5
19-Dec-01,248,47.5
20-Dec-01,252,7
21-Dec-01,220,16.1
22-Dec-01,233,21.3
23-Dec-01,224,136.9
24-Dec-01,275,7.6
25-Dec-01,231,19.8
26-Dec-01,223,83.5
27-Dec-01,257,25.1
28-Dec-01,242,5.4
29-Dec-01,230,7.1
30-Dec-01,235,32.9
31-Dec-01,220,10.1
1-Jan-02,208,16.2
2-Jan-02,208,8
3-Jan-02,201,41.4
4-Jan-02,200,18
5-Jan-02,198,0
6-Jan-02,195,18.7
7-Jan-02,201,71.2
8-Jan-02,208,116.6
9-Jan-02,214,54.4
10-Jan-02,217,6.2
11-Jan-02,212,61.9
12-Jan-02,204,47.9
13-Jan-02,222,47.5
14-Jan-02,223,33.8
15-Jan-02,239,1
16-Jan-02,207,33.9
17-Jan-02,199,0
18-Jan-02,194,0
19-Jan-02,191,0
20-Jan-02,189,10
21-Jan-02,188,13.4
22-Jan-02,194,14.2
23-Jan-02,190,2.6
24-Jan-02,188,5
25-Jan-02,189,2
26-Jan-02,188,1.5
27-Jan-02,187,11.1
28-Jan-02,190,0
29-Jan-02,190,2.5
30-Jan-02,189,1.2
31-Jan-02,188,4.8
1-Feb-02,190,2
2-Feb-02,194,0
3-Feb-02,190,47.2
4-Feb-02,203,32.2
5-Feb-02,234,4.4
6-Feb-02,204,10.2
7-Feb-02,195,34.7
8-Feb-02,190,100.5
9-Feb-02,194,15.6
10-Feb-02,191,2.6
11-Feb-02,188,11.3
12-Feb-02,186,10.2
13-Feb-02,185,0
14-Feb-02,184,6
15-Feb-02,184,5.8
16-Feb-02,184,2.7
17-Feb-02,184,7.3
18-Feb-02,184,5.2
19-Feb-02,184,14
20-Feb-02,184,0
21-Feb-02,183,0
22-Feb-02,182,2.9
23-Feb-02,182,8.3
24-Feb-02,181,0.2
25-Feb-02,181,21.5
26-Feb-02,181,112.2
27-Feb-02,183,98.4
28-Feb-02,190,9.6
1-Mar-02,188,0
2-Mar-02,184,1.6
3-Mar-02,184,147.8
4-Mar-02,185,91.3
5-Mar-02,189,19.2
6-Mar-02,186,33.7
7-Mar-02,184,2
8-Mar-02,183,2.2
9-Mar-02,183,0
10-Mar-02,181,0
11-Mar-02,177,9.4
12-Mar-02,181,20.1
13-Mar-02,185,10.9
14-Mar-02,186,21.5
15-Mar-02,185,81.5
16-Mar-02,209,17.5
17-Mar-02,226,44.1
18-Mar-02,225,69.4
19-Mar-02,244,119.5
20-Mar-02,275,181
21-Mar-02,306,31.8
22-Mar-02,258,139.1
23-Mar-02,238,10
24-Mar-02,241,13.7
25-Mar-02,241,4.9
26-Mar-02,212,0
27-Mar-02,201,28.9
28-Mar-02,207,65.6
29-Mar-02,222,128.5
30-Mar-02,265,8
31-Mar-02,235,2.2
1-Apr-02,213,17.8
2-Apr-02,238,44.2
3-Apr-02,255,24.1
4-Apr-02,254,16.1
5-Apr-02,230,13.5
6-Apr-02,217,128.9
7-Apr-02,239,48.8
8-Apr-02,259,62.2
9-Apr-02,283,10
10-Apr-02,237,7.2
11-Apr-02,217,1
12-Apr-02,219,22
13-Apr-02,201,2.6
14-Apr-02,201,98.2
15-Apr-02,202,25.8
16-Apr-02,202,34
17-Apr-02,196,29.1
18-Apr-02,214,13.1
19-Apr-02,219,59.7
20-Apr-02,254,8
21-Apr-02,260,41.3
22-Apr-02,260,18.4
23-Apr-02,239,5.5
24-Apr-02,218,105.3
25-Apr-02,265,109.7
26-Apr-02,311,103.9
27-Apr-02,310,34.9
28-Apr-02,281,314
29-Apr-02,315,8.4
30-Apr-02,253,110.2
1-May-02,277,41.3
2-May-02,291,21.2
3-May-02,277,5.2
4-May-02,242,14
5-May-02,230,2
6-May-02,222,47.1
7-May-02,226,4.1
8-May-02,232,3
9-May-02,230,20.9
10-May-02,236,15.4
11-May-02,259,15.6
12-May-02,235,32.3
13-May-02,232,10.7
14-May-02,234,14.7
15-May-02,230,6.8
16-May-02,223,44.6
17-May-02,255,7.2
18-May-02,234,18.2
19-May-02,259,15
20-May-02,240,126.6
21-May-02,237,37.4
22-May-02,237,6
23-May-02,226,5.5
24-May-02,221,2
25-May-02,211,110.9
26-May-02,271,77
27-May-02,267,131.3
28-May-02,283,14.9
29-May-02,249,57.8
30-May-02,239,36.6
31-May-02,281,139.4
1-Jun-02,271,13.1
2-Jun-02,247,33
3-Jun-02,250,82.4
4-Jun-02,271,29.1
5-Jun-02,261,227.3
6-Jun-02,335,64
7-Jun-02,324,3.3
8-Jun-02,268,70.5
9-Jun-02,301,28.3
10-Jun-02,282,97.4
11-Jun-02,327,34.7
12-Jun-02,328,16.8
13-Jun-02,271,3
14-Jun-02,252,22.4
15-Jun-02,260,48
16-Jun-02,283,22
17-Jun-02,290,5.2
18-Jun-02,298,8.8
19-Jun-02,268,15.1
20-Jun-02,295,15.1
21-Jun-02,304,5.4
22-Jun-02,286,2
23-Jun-02,283,4.1
24-Jun-02,321,36
25-Jun-02,384,20.7
26-Jun-02,337,3
27-Jun-02,273,3
28-Jun-02,251,7.5
29-Jun-02,244,30.9
30-Jun-02,297,4.4
1-Jul-02,263,24.7
2-Jul-02,310,10.9
3-Jul-02,286,7.7
4-Jul-02,257,15.9
5-Jul-02,271,170.7
6-Jul-02,292,18.3
7-Jul-02,265,12
8-Jul-02,253,1
9-Jul-02,234,1.6
10-Jul-02,225,21.8
11-Jul-02,251,16.8
12-Jul-02,274,25
13-Jul-02,269,1.8
14-Jul-02,241,8
15-Jul-02,232,24.1
16-Jul-02,240,15.1
17-Jul-02,242,62.9
18-Jul-02,346,21.6
19-Jul-02,293,3.7
20-Jul-02,246,17
21-Jul-02,230,100.6
22-Jul-02,238,10.1
23-Jul-02,229,2.1
24-Jul-02,220,47.5
25-Jul-02,232,29
26-Jul-02,292,10.9
27-Jul-02,265,13
28-Jul-02,241,11.7
29-Jul-02,287,13.6
30-Jul-02,262,47
31-Jul-02,263,14.8
1-Aug-02,264,2.4
2-Aug-02,238,5.5
3-Aug-02,238,16.6
4-Aug-02,303,3.5
5-Aug-02,270,1
6-Aug-02,233,21.7
7-Aug-02,230,49.4
8-Aug-02,293,32.9
9-Aug-02,324,3
10-Aug-02,270,10.2
11-Aug-02,261,8.5
12-Aug-02,270,6.9
13-Aug-02,254,22.2
14-Aug-02,293,18.7
15-Aug-02,318,17.3
16-Aug-02,333,62.4
17-Aug-02,293,9.8
18-Aug-02,253,7.2
19-Aug-02,243,2.9
20-Aug-02,231,23.9
21-Aug-02,250,3.2
22-Aug-02,232,17.6
23-Aug-02,256,13.5
24-Aug-02,261,4.2
25-Aug-02,240,22.6
26-Aug-02,240,30.2
27-Aug-02,250,7
28-Aug-02,237,51.6
29-Aug-02,226,153
30-Aug-02,226,26.2
31-Aug-02,223,23
1-Sep-02,220,30.8
2-Sep-02,240,17.9
3-Sep-02,292,2.9
4-Sep-02,252,0
5-Sep-02,226,0
6-Sep-02,216,0
7-Sep-02,211,0
8-Sep-02,208,1.7
9-Sep-02,205,0.6
10-Sep-02,204,1.5
11-Sep-02,210,1
12-Sep-02,217,19.2
13-Sep-02,206,0
14-Sep-02,202,5.2
15-Sep-02,201,12.4
16-Sep-02,201,10.5
17-Sep-02,200,15.8
18-Sep-02,200,59.2
19-Sep-02,244,32.7
20-Sep-02,228,1
21-Sep-02,210,0
22-Sep-02,203,0
23-Sep-02,198,4.4
24-Sep-02,199,41.2
25-Sep-02,207,47.2
26-Sep-02,234,56.3
27-Sep-02,241,17.6
28-Sep-02,223,8
29-Sep-02,228,4
30-Sep-02,218,0
1-Oct-02,206,0
2-Oct-02,200,0
3-Oct-02,199,2
4-Oct-02,196,2
5-Oct-02,194,0.2
6-Oct-02,194,5.3
7-Oct-02,197,6.1
8-Oct-02,194,1.5
9-Oct-02,193,0.5
10-Oct-02,198,27.4
11-Oct-02,195,12.2
12-Oct-02,197,24.5
13-Oct-02,229,0
14-Oct-02,204,17.1
15-Oct-02,196,20.3
16-Oct-02,203,9
17-Oct-02,201,22.7
18-Oct-02,217,11.7
19-Oct-02,213,2
20-Oct-02,204,112.7
21-Oct-02,270,36.5
22-Oct-02,248,24.7
23-Oct-02,241,50.1
24-Oct-02,282,32
25-Oct-02,240,33.6
26-Oct-02,225,229.9
27-Oct-02,302,13.3
28-Oct-02,247,181
29-Oct-02,278,153.1
30-Oct-02,290,56.1
31-Oct-02,280,74.9
1-Nov-02,257,11.6
2-Nov-02,245,79.7
3-Nov-02,240,36.1
4-Nov-02,245,113.3
5-Nov-02,240,80.1
6-Nov-02,251,14.7
7-Nov-02,234,15.8
8-Nov-02,243,90.6
9-Nov-02,256,64.1
10-Nov-02,258,10
11-Nov-02,243,5.5
12-Nov-02,226,26.2
13-Nov-02,225,36.4
14-Nov-02,250,29.5
15-Nov-02,237,19.7
16-Nov-02,255,25.6
17-Nov-02,263,3.5
18-Nov-02,234,26.1
19-Nov-02,225,1.7
20-Nov-02,222,5
21-Nov-02,213,3.1
22-Nov-02,212,1
23-Nov-02,209,0
24-Nov-02,205,0
25-Nov-02,202,13.5
26-Nov-02,202,3.8
27-Nov-02,202,6.1
28-Nov-02,202,2
29-Nov-02,200,8.7
30-Nov-02,198,12.5
1-Dec-02,198,27.6
2-Dec-02,201,3
3-Dec-02,203,10
4-Dec-02,199,9
5-Dec-02,196,12
6-Dec-02,208,23
7-Dec-02,203,29.4
8-Dec-02,214,108.4
9-Dec-02,218,21.9
10-Dec-02,224,15.4
11-Dec-02,226,0
12-Dec-02,208,0
13-Dec-02,199,12.1
14-Dec-02,196,63.1
15-Dec-02,207,160.1
16-Dec-02,270,164.5
17-Dec-02,311,94.1
18-Dec-02,283,16.3
19-Dec-02,258,48.1
20-Dec-02,239,123
21-Dec-02,272,34.6
22-Dec-02,252,0
23-Dec-02,223,0
24-Dec-02,213,0
25-Dec-02,206,1.4
26-Dec-02,204,4.5
27-Dec-02,204,0
28-Dec-02,198,38.2
29-Dec-02,197,53.3
30-Dec-02,205,0
31-Dec-02,200,0
1-Jan-03,195,0
2-Jan-03,192,0
3-Jan-03,190,6.5
4-Jan-03,191,5
5-Jan-03,189,0
6-Jan-03,188,0
7-Jan-03,187,0
8-Jan-03,186,0
9-Jan-03,185,0
10-Jan-03,185,0
11-Jan-03,184,0
12-Jan-03,184,0
13-Jan-03,183,5
14-Jan-03,183,44
15-Jan-03,187,145
16-Jan-03,192,21.8
17-Jan-03,189,37
18-Jan-03,189,127.8
19-Jan-03,201,74.5
20-Jan-03,222,0.8
21-Jan-03,196,0
22-Jan-03,189,17.1
23-Jan-03,188,23.5
24-Jan-03,192,4.5
25-Jan-03,193,1
26-Jan-03,187,1.3
27-Jan-03,185,26
28-Jan-03,186,0
29-Jan-03,184,2.2
30-Jan-03,183,0
31-Jan-03,182,163.6
1-Feb-03,185,224.9
2-Feb-03,194,33.8
3-Feb-03,190,0
4-Feb-03,186,3
5-Feb-03,184,2.1
6-Feb-03,184,1.7
7-Feb-03,184,0.9
8-Feb-03,184,0
9-Feb-03,183,0
10-Feb-03,182,2.3
11-Feb-03,182,5
12-Feb-03,184,2
13-Feb-03,182,24.3
14-Feb-03,183,94.2
15-Feb-03,187,6.5
16-Feb-03,186,67.5
17-Feb-03,200,16.6
18-Feb-03,204,65.1
19-Feb-03,191,25.7
20-Feb-03,197,20.8
21-Feb-03,192,11.1
22-Feb-03,186,0
23-Feb-03,183,4.1
24-Feb-03,183,9.5
25-Feb-03,196,28.6
26-Feb-03,195,109.2
27-Feb-03,216,72
28-Feb-03,220,64.6
1-Mar-03,219,24.1
2-Mar-03,208,10.2
3-Mar-03,212,11.5
4-Mar-03,211,18
5-Mar-03,226,0
6-Mar-03,206,0
7-Mar-03,195,0
8-Mar-03,190,0
9-Mar-03,187,0
10-Mar-03,185,6.4
11-Mar-03,184,16
12-Mar-03,184,5
13-Mar-03,183,11.6
14-Mar-03,188,35.5
15-Mar-03,192,144.3
16-Mar-03,216,126.3
17-Mar-03,229,11.8
18-Mar-03,204,30.4
19-Mar-03,196,3.2
20-Mar-03,194,22.1
21-Mar-03,206,53.6
22-Mar-03,202,25.9
23-Mar-03,199,20.3
24-Mar-03,206,94.8
25-Mar-03,204,180.8
26-Mar-03,222,94.4
27-Mar-03,266,87
28-Mar-03,259,28.5
29-Mar-03,234,0.8
30-Mar-03,223,29.2
31-Mar-03,223,61.8
1-Apr-03,212,11.1
2-Apr-03,203,6.5
3-Apr-03,202,0.6
4-Apr-03,200,3.9
5-Apr-03,202,1
6-Apr-03,198,0.2
7-Apr-03,192,0
8-Apr-03,189,21
9-Apr-03,189,151.2
10-Apr-03,195,32.6
11-Apr-03,239,3.4
12-Apr-03,208,42.1
13-Apr-03,232,27
14-Apr-03,260,12.5
15-Apr-03,230,11.5
16-Apr-03,224,92.2
17-Apr-03,240,72.4
18-Apr-03,245,90.3
19-Apr-03,222,98.7
20-Apr-03,248,44.9
21-Apr-03,242,125.5
22-Apr-03,261,24.6
23-Apr-03,270,21.1
24-Apr-03,277,28.9
25-Apr-03,260,13.6
26-Apr-03,252,43.3
27-Apr-03,250,7.8
28-Apr-03,245,7.9
29-Apr-03,225,30
30-Apr-03,233,12.1
1-May-03,230,1
2-May-03,221,5.4
3-May-03,209,11
4-May-03,209,3
5-May-03,212,31.7
6-May-03,228,10
7-May-03,219,27.4
8-May-03,253,27.7
9-May-03,285,45.8
10-May-03,306,16.5
11-May-03,273,39.3
12-May-03,275,54.9
13-May-03,298,28.2
14-May-03,309,10.4
15-May-03,276,18
16-May-03,271,19.7
17-May-03,255,56.3
18-May-03,325,34.4
19-May-03,322,36.6
20-May-03,351,27.2
21-May-03,302,20
22-May-03,267,19.4
23-May-03,260,20.5
24-May-03,255,6.1
25-May-03,254,3.4
26-May-03,242,65
27-May-03,278,23.5
28-May-03,259,13.6
29-May-03,269,42.9
30-May-03,249,16.3
31-May-03,250,27.4
1-Jun-03,281,37.5
2-Jun-03,278,19.1
3-Jun-03,268,133.8
4-Jun-03,269,79.6
5-Jun-03,281,24.2
6-Jun-03,279,28.2
7-Jun-03,283,4
8-Jun-03,242,9.6
9-Jun-03,236,4
10-Jun-03,229,30.5
11-Jun-03,221,15.8
12-Jun-03,221,42.7
13-Jun-03,235,23
14-Jun-03,238,35.9
15-Jun-03,255,58.2
16-Jun-03,271,30.3
17-Jun-03,271,35.4
18-Jun-03,282,8.8
19-Jun-03,263,37.1
20-Jun-03,310,9
21-Jun-03,248,16.3
22-Jun-03,231,17.2
23-Jun-03,235,15.2
24-Jun-03,261,19
25-Jun-03,253,35.4
26-Jun-03,245,9.6
27-Jun-03,229,19.7
28-Jun-03,234,11.7
29-Jun-03,250,16.5
30-Jun-03,257,9
1-Jul-03,240,5.2
2-Jul-03,219,9
3-Jul-03,213,33.4
4-Jul-03,241,14.8
5-Jul-03,253,9.4
6-Jul-03,227,7
7-Jul-03,216,58.7
8-Jul-03,235,27.8
9-Jul-03,260,14.9
10-Jul-03,233,19.1
11-Jul-03,233,23.2
12-Jul-03,302,29.3
13-Jul-03,326,14.2
14-Jul-03,280,11
15-Jul-03,232,10
16-Jul-03,218,27.8
17-Jul-03,265,13.2
18-Jul-03,323,13
19-Jul-03,258,7.2
20-Jul-03,253,10.1
21-Jul-03,252,4.2
22-Jul-03,243,7.5
23-Jul-03,237,9.6
24-Jul-03,254,19.5
25-Jul-03,286,5.4
26-Jul-03,281,8.8
27-Jul-03,307,2.6
28-Jul-03,262,2.8
29-Jul-03,231,21.6
30-Jul-03,300,27.7
31-Jul-03,349,13.1
1-Aug-03,296,1
2-Aug-03,252,8.5
3-Aug-03,250,4.3
4-Aug-03,251,0
5-Aug-03,230,5.7
6-Aug-03,220,3
7-Aug-03,213,7.9
8-Aug-03,211,23.1
9-Aug-03,227,0
10-Aug-03,229,5.1
11-Aug-03,233,0
12-Aug-03,216,0
13-Aug-03,208,5.9
14-Aug-03,207,3.1
15-Aug-03,225,2.7
16-Aug-03,235,9
17-Aug-03,212,3.2
18-Aug-03,209,0
19-Aug-03,205,6
20-Aug-03,204,4.4
21-Aug-03,201,3.5
22-Aug-03,203,4.3
23-Aug-03,204,39.2
24-Aug-03,208,1
25-Aug-03,203,13.2
26-Aug-03,200,13.6
27-Aug-03,229,28.5
28-Aug-03,285,7.1
29-Aug-03,277,33.3
30-Aug-03,280,0
31-Aug-03,235,12
1-Sep-03,215,5.2
2-Sep-03,215,3.4
3-Sep-03,227,0
4-Sep-03,209,0.3
5-Sep-03,209,0.3
6-Sep-03,205,100.7
7-Sep-03,242,29.4
8-Sep-03,235,35.8
9-Sep-03,256,1.8
10-Sep-03,225,33.4
11-Sep-03,224,13.8
12-Sep-03,222,3.8
13-Sep-03,228,0.5
14-Sep-03,218,6.2
15-Sep-03,223,0
16-Sep-03,213,3.5
17-Sep-03,205,9.6
18-Sep-03,261,15
19-Sep-03,264,0
20-Sep-03,222,0
21-Sep-03,212,15.7
22-Sep-03,225,8.1
23-Sep-03,235,15.6
24-Sep-03,237,36.4
25-Sep-03,213,15.8
26-Sep-03,210,24.1
27-Sep-03,206,28.8
28-Sep-03,215,65.5
29-Sep-03,249,5.3
30-Sep-03,240,32.3
1-Oct-03,277,6.3
2-Oct-03,250,0.1
3-Oct-03,218,0
4-Oct-03,208,5.9
5-Oct-03,206,23.8
6-Oct-03,240,35.4
7-Oct-03,233,101.9
8-Oct-03,271,244.7
9-Oct-03,270,149.3
10-Oct-03,246,59.6
11-Oct-03,236,13
12-Oct-03,221,10.2
13-Oct-03,227,62.1
14-Oct-03,268,31.6
15-Oct-03,262,9
16-Oct-03,229,2.4
17-Oct-03,218,22
18-Oct-03,211,6
19-Oct-03,210,17
20-Oct-03,246,25.9
21-Oct-03,275,25.4
22-Oct-03,255,7
23-Oct-03,223,0
24-Oct-03,212,15.4
25-Oct-03,210,104.8
26-Oct-03,204,57
27-Oct-03,211,25.8
28-Oct-03,226,81.8
29-Oct-03,240,114.1
30-Oct-03,270,75.5
31-Oct-03,250,57.4
1-Nov-03,266,2.7
2-Nov-03,232,36.5
3-Nov-03,230,53.4
4-Nov-03,219,4.2
5-Nov-03,210,0.1
6-Nov-03,206,17.7
7-Nov-03,220,57.2
8-Nov-03,242,23.5
9-Nov-03,251,7.5
10-Nov-03,233,29.1
11-Nov-03,239,82.2
12-Nov-03,237,41.5
13-Nov-03,251,31.2
14-Nov-03,228,14
15-Nov-03,250,10.2
16-Nov-03,232,8
17-Nov-03,222,3.6
18-Nov-03,209,55.2
19-Nov-03,214,116.8
20-Nov-03,227,40.3
21-Nov-03,245,60.9
22-Nov-03,271,52.6
23-Nov-03,238,37.6
24-Nov-03,235,112.2
25-Nov-03,248,38.4
26-Nov-03,253,54.9
27-Nov-03,238,16.8
28-Nov-03,224,16.1
29-Nov-03,223,100.4
30-Nov-03,234,101.5
1-Dec-03,278,119.4
2-Dec-03,306,24.5
3-Dec-03,263,81.9
4-Dec-03,242,1.1
5-Dec-03,228,236
6-Dec-03,235,34.5
7-Dec-03,249,25
8-Dec-03,237,3.2
9-Dec-03,222,1
10-Dec-03,213,7
11-Dec-03,211,22.9
12-Dec-03,212,149.3
13-Dec-03,219,19
14-Dec-03,216,24
15-Dec-03,219,11.6
16-Dec-03,211,17
17-Dec-03,205,0.5
18-Dec-03,201,11.9
19-Dec-03,214,17.7
20-Dec-03,238,21.4
21-Dec-03,257,9.7
22-Dec-03,231,1.5
23-Dec-03,218,23
24-Dec-03,219,0
25-Dec-03,209,6
26-Dec-03,204,170.4
27-Dec-03,234,35.1
28-Dec-03,216,3.9
29-Dec-03,209,47
30-Dec-03,214,5.3
31-Dec-03,208,3.7
1-Jan-04,203,1
2-Jan-04,200,6.3
3-Jan-04,196,10.5
4-Jan-04,199,1.7
5-Jan-04,198,67.1
6-Jan-04,198,187.2
7-Jan-04,218,6.3
8-Jan-04,207,64.9
9-Jan-04,211,71.5
10-Jan-04,220,117.6
11-Jan-04,219,16.2
12-Jan-04,212,3.6
13-Jan-04,203,17
14-Jan-04,199,2.8
15-Jan-04,202,62.9
16-Jan-04,235,170.2
17-Jan-04,240,1.9
18-Jan-04,218,1.5
19-Jan-04,206,2.8
20-Jan-04,200,6
21-Jan-04,196,162.4
22-Jan-04,217,67.5
23-Jan-04,227,0.4
24-Jan-04,206,0
25-Jan-04,198,5
26-Jan-04,193,0
27-Jan-04,190,0
28-Jan-04,189,0
29-Jan-04,189,0
30-Jan-04,188,26.5
31-Jan-04,187,1.3
1-Feb-04,187,0
2-Feb-04,187,0
3-Feb-04,187,46.4
4-Feb-04,185,0.5
5-Feb-04,184,0
6-Feb-04,182,0
7-Feb-04,182,1.9
8-Feb-04,182,0
9-Feb-04,182,3
10-Feb-04,182,0
11-Feb-04,181,0
12-Feb-04,180,0
13-Feb-04,180,3.1
14-Feb-04,180,2.8
15-Feb-04,180,23.9
16-Feb-04,185,0
17-Feb-04,181,0
18-Feb-04,179,6
19-Feb-04,180,34.9
20-Feb-04,186,48.1
21-Feb-04,189,42.6
22-Feb-04,188,246.9
23-Feb-04,235,141
24-Feb-04,260,78.6
25-Feb-04,241,25.4
26-Feb-04,225,16.9
27-Feb-04,208,46.4
28-Feb-04,214,11.5
29-Feb-04,208,7.8
1-Mar-04,200,17.7
2-Mar-04,209,66.2
3-Mar-04,258,4.9
4-Mar-04,219,0.8
5-Mar-04,204,5
6-Mar-04,196,21.5
7-Mar-04,195,2.6
8-Mar-04,192,4.2
9-Mar-04,189,8.4
10-Mar-04,187,10
11-Mar-04,188,40.1
12-Mar-04,223,2
13-Mar-04,207,0
14-Mar-04,195,3.4
15-Mar-04,190,1.9
16-Mar-04,187,3.6
17-Mar-04,186,0
18-Mar-04,184,0
19-Mar-04,181,0
20-Mar-04,180,0
21-Mar-04,179,0
22-Mar-04,179,2
23-Mar-04,179,36.9
24-Mar-04,195,14.3
25-Mar-04,203,161.6
26-Mar-04,200,66.7
27-Mar-04,200,64.6
28-Mar-04,220,20.1
29-Mar-04,216,16.2
30-Mar-04,200,59.3
31-Mar-04,199,41.7
1-Apr-04,196,135.6
2-Apr-04,220,109
3-Apr-04,252,64.3
4-Apr-04,236,2
5-Apr-04,215,1
6-Apr-04,202,0
7-Apr-04,195,2.3
8-Apr-04,190,53.7
9-Apr-04,198,74.4
10-Apr-04,278,45
11-Apr-04,241,39.1
12-Apr-04,249,64.6
13-Apr-04,228,206.3
14-Apr-04,263,48.6
15-Apr-04,238,86.5
16-Apr-04,250,176.6
17-Apr-04,274,109.5
18-Apr-04,261,91.7
19-Apr-04,250,12.2
20-Apr-04,253,89.2
21-Apr-04,254,34.2
22-Apr-04,240,74.6
23-Apr-04,230,84.2
24-Apr-04,278,67.6
25-Apr-04,279,5.8
26-Apr-04,243,14.1
27-Apr-04,232,62.3
28-Apr-04,245,22.3
29-Apr-04,238,4.9
30-Apr-04,219,13.5
1-May-04,219,3
2-May-04,214,38.7
3-May-04,220,57.1
4-May-04,288,40.1
5-May-04,260,15.8
6-May-04,254,21.9
7-May-04,233,18.2
8-May-04,250,14.8
9-May-04,279,19.8
10-May-04,276,2.3
11-May-04,240,6.1
12-May-04,222,12.9
13-May-04,227,2.2
14-May-04,214,16.6
15-May-04,226,41.5
16-May-04,220,30.1
17-May-04,250,27.2
18-May-04,259,87.9
19-May-04,308,32.7
20-May-04,275,8.5
21-May-04,244,3.4
22-May-04,237,24.1
23-May-04,228,9.9
24-May-04,230,0
25-May-04,220,18.1
26-May-04,214,39.6
27-May-04,238,108.9
28-May-04,364,35.1
29-May-04,271,20.2
30-May-04,265,67
31-May-04,261,11.8
1-Jun-04,252,21.8
2-Jun-04,259,87.2
3-Jun-04,357,16.6
4-Jun-04,281,79.9
5-Jun-04,326,35.7
6-Jun-04,296,23.2
7-Jun-04,272,17.1
8-Jun-04,240,19.6
9-Jun-04,245,11.8
10-Jun-04,236,11
11-Jun-04,289,3.8
12-Jun-04,225,48.8
13-Jun-04,349,8.1
14-Jun-04,278,5.1
15-Jun-04,260,37.4
16-Jun-04,335,3
17-Jun-04,278,3.1
18-Jun-04,256,13.6
19-Jun-04,285,41.6
20-Jun-04,299,13.5
21-Jun-04,276,27.7
22-Jun-04,286,5.4
23-Jun-04,244,5
24-Jun-04,231,26.5
25-Jun-04,243,9.5
26-Jun-04,224,0
27-Jun-04,218,33.9
28-Jun-04,224,42.6
29-Jun-04,296,15.7
30-Jun-04,239,12.5
1-Jul-04,233,5.5
2-Jul-04,232,0.2
3-Jul-04,227,6.5
4-Jul-04,221,11.2
5-Jul-04,234,38.8
6-Jul-04,275,2.4
7-Jul-04,245,1.7
8-Jul-04,227,216.3
9-Jul-04,275,5.8
10-Jul-04,253,5.1
11-Jul-04,239,65.7
12-Jul-04,282,27.4
13-Jul-04,274,51.4
14-Jul-04,278,36.1
15-Jul-04,283,2
16-Jul-04,254,13.9
17-Jul-04,236,14
18-Jul-04,249,1
19-Jul-04,227,13.4
20-Jul-04,232,12.3
21-Jul-04,239,25
22-Jul-04,243,3.9
23-Jul-04,238,5
24-Jul-04,228,10.6
25-Jul-04,256,6.4
26-Jul-04,230,27.8
27-Jul-04,256,35.5
28-Jul-04,283,24.1
29-Jul-04,254,21.6
30-Jul-04,270,73.2
31-Jul-04,368,41.5
1-Aug-04,299,3
2-Aug-04,259,1.2
3-Aug-04,233,14.4
4-Aug-04,246,22.1
5-Aug-04,313,8
6-Aug-04,262,6.3
7-Aug-04,241,25.7
8-Aug-04,299,12.1
9-Aug-04,269,16
10-Aug-04,288,4.4
11-Aug-04,271,7
12-Aug-04,265,33.6
13-Aug-04,298,11.9
14-Aug-04,281,8.4
15-Aug-04,259,4.5
16-Aug-04,245,4.1
17-Aug-04,229,2
18-Aug-04,233,4
19-Aug-04,218,44.5
20-Aug-04,283,5.5
21-Aug-04,244,0
22-Aug-04,254,0
23-Aug-04,216,12.9
24-Aug-04,217,33.5
25-Aug-04,256,4.7
26-Aug-04,244,2.5
27-Aug-04,224,0
28-Aug-04,213,11.8
29-Aug-04,213,5
30-Aug-04,222,1.2
31-Aug-04,224,0
1-Sep-04,217,0
2-Sep-04,208,0
3-Sep-04,203,17
4-Sep-04,208,4.2
5-Sep-04,217,1
6-Sep-04,220,17.8
7-Sep-04,211,133.8
8-Sep-04,244,20.5
9-Sep-04,239,20.2
10-Sep-04,259,10.5
11-Sep-04,258,2
12-Sep-04,222,12
13-Sep-04,213,21.9
14-Sep-04,256,0
15-Sep-04,219,9.3
16-Sep-04,211,0
17-Sep-04,204,6.5
18-Sep-04,205,2.4
19-Sep-04,207,18.7
20-Sep-04,214,15.6
21-Sep-04,206,3.6
22-Sep-04,208,5.1
23-Sep-04,198,10.2
24-Sep-04,200,2.2
25-Sep-04,199,11.4
26-Sep-04,204,3.3
27-Sep-04,208,13
28-Sep-04,200,10
29-Sep-04,195,36.3
30-Sep-04,197,8.3
1-Oct-04,196,8.6
2-Oct-04,216,0
3-Oct-04,204,0
4-Oct-04,196,5
5-Oct-04,206,46
6-Oct-04,232,6
7-Oct-04,235,40.9
8-Oct-04,261,39.2
9-Oct-04,249,22.1
10-Oct-04,237,7
11-Oct-04,223,57.5
12-Oct-04,240,41.2
13-Oct-04,240,0.1
14-Oct-04,226,19
15-Oct-04,225,0
16-Oct-04,212,55.1
17-Oct-04,209,10.3
18-Oct-04,219,88
19-Oct-04,226,47.2
20-Oct-04,243,49
21-Oct-04,288,85.2
22-Oct-04,243,87.8
23-Oct-04,247,68
24-Oct-04,238,42.4
25-Oct-04,228,48.8
26-Oct-04,223,40.8
27-Oct-04,223,37.4
28-Oct-04,214,36.1
29-Oct-04,223,42.9
30-Oct-04,223,45.3
31-Oct-04,222,6.4
1-Nov-04,216,11.2
2-Nov-04,220,22.6
3-Nov-04,218,34.1
4-Nov-04,217,28.5
5-Nov-04,220,79.3
6-Nov-04,228,39.3
7-Nov-04,246,43.7
8-Nov-04,267,12
9-Nov-04,259,70.8
10-Nov-04,242,10.5
11-Nov-04,225,23.4
12-Nov-04,214,97.6
13-Nov-04,220,116.2
14-Nov-04,236,87.8
15-Nov-04,256,36.4
16-Nov-04,259,61.9
17-Nov-04,256,129.1
18-Nov-04,288,104.1
19-Nov-04,278,96
20-Nov-04,267,10.5
21-Nov-04,242,0.4
22-Nov-04,226,0
23-Nov-04,216,0
24-Nov-04,210,134.2
25-Nov-04,227,70.1
26-Nov-04,293,27.2
27-Nov-04,259,23
28-Nov-04,240,38
29-Nov-04,238,62.6
30-Nov-04,229,22.4
1-Dec-04,215,20.5
2-Dec-04,223,12.4
3-Dec-04,229,9.7
4-Dec-04,229,25.4
5-Dec-04,232,8.1
6-Dec-04,227,0
7-Dec-04,217,2
8-Dec-04,212,51.1
9-Dec-04,216,121.1
10-Dec-04,227,18.9
11-Dec-04,227,30.2
12-Dec-04,214,71.8
13-Dec-04,219,61.5
14-Dec-04,229,67.7
15-Dec-04,245,93.1
16-Dec-04,239,36.6
17-Dec-04,228,52
18-Dec-04,230,47.8
19-Dec-04,225,38.9
20-Dec-04,218,46.7
21-Dec-04,221,7.9
22-Dec-04,210,12.7
23-Dec-04,205,44.1
24-Dec-04,201,16.5
25-Dec-04,200,9
26-Dec-04,198,104.7
27-Dec-04,221,26.9
28-Dec-04,209,49.5
29-Dec-04,211,36.8
30-Dec-04,210,12.8
31-Dec-04,207,8.7
1-Jan-05,202,3
2-Jan-05,197,80.4
3-Jan-05,200,36.2
4-Jan-05,203,33.4
5-Jan-05,209,17
6-Jan-05,208,14.3
7-Jan-05,210,0.1
8-Jan-05,201,20.2
9-Jan-05,201,34.4
10-Jan-05,236,2
11-Jan-05,216,24.9
12-Jan-05,209,36.1
13-Jan-05,210,8
14-Jan-05,200,69.1
15-Jan-05,221,18.9
16-Jan-05,204,34.4
17-Jan-05,203,13.4
18-Jan-05,206,11.5
19-Jan-05,202,34.9
20-Jan-05,200,25.6
21-Jan-05,217,42.6
22-Jan-05,208,32.5
23-Jan-05,214,19.8
24-Jan-05,216,12
25-Jan-05,217,6.6
26-Jan-05,204,0
27-Jan-05,195,0
28-Jan-05,191,17.7
29-Jan-05,190,60
30-Jan-05,190,54.7
31-Jan-05,196,12.4
1-Feb-05,197,8.5
2-Feb-05,193,3
3-Feb-05,191,2.3
4-Feb-05,189,30.1
5-Feb-05,200,15.2
6-Feb-05,225,71.5
7-Feb-05,240,145.8
8-Feb-05,227,46.7
9-Feb-05,222,101.8
10-Feb-05,261,92.6
11-Feb-05,265,361.5
12-Feb-05,297,40.9
13-Feb-05,277,65.8
14-Feb-05,239,56.4
15-Feb-05,220,37.1
16-Feb-05,212,41
17-Feb-05,225,15
18-Feb-05,215,2.2
19-Feb-05,205,30.3
20-Feb-05,201,3
21-Feb-05,200,0.2
22-Feb-05,195,12.8
23-Feb-05,193,0
24-Feb-05,191,0
25-Feb-05,189,0
26-Feb-05,188,0.8
27-Feb-05,189,59
28-Feb-05,200,78.8
1-Mar-05,200,12
2-Mar-05,194,21.7
3-Mar-05,195,116.6
4-Mar-05,203,49
5-Mar-05,203,14.2
6-Mar-05,202,120
7-Mar-05,202,34.2
8-Mar-05,202,75.6
9-Mar-05,201,175
10-Mar-05,200,38.3
11-Mar-05,200,105.5
12-Mar-05,199,28.7
13-Mar-05,198,6
14-Mar-05,197,2.3
15-Mar-05,195,11
16-Mar-05,192,8
17-Mar-05,190,98.7
18-Mar-05,197,25.5
19-Mar-05,197,33.5
20-Mar-05,201,21.3
21-Mar-05,199,3
22-Mar-05,197,6.6
23-Mar-05,191,33.7
24-Mar-05,195,72.9
25-Mar-05,227,6.1
26-Mar-05,212,38.1
27-Mar-05,210,33.5
28-Mar-05,207,32.6
29-Mar-05,204,26.7
30-Mar-05,210,159.2
31-Mar-05,222,5.9
1-Apr-05,205,6
2-Apr-05,197,16.1
3-Apr-05,197,57.1
4-Apr-05,229,13.2
5-Apr-05,224,63.4
6-Apr-05,228,35.1
7-Apr-05,254,34.6
8-Apr-05,301,74.6
9-Apr-05,294,39
10-Apr-05,273,9.4
11-Apr-05,252,7.1
12-Apr-05,225,5.4
13-Apr-05,245,27.8
14-Apr-05,271,12.4
15-Apr-05,247,2
16-Apr-05,249,9.7
17-Apr-05,228,34.1
18-Apr-05,265,1
19-Apr-05,228,28
20-Apr-05,213,142.3
21-Apr-05,243,26.4
22-Apr-05,234,59.4
23-Apr-05,233,80.5
24-Apr-05,253,52.3
25-Apr-05,275,128.1
26-Apr-05,273,140.3
27-Apr-05,283,2.7
28-Apr-05,255,71.6
29-Apr-05,233,93.9
30-Apr-05,236,28.5
1-May-05,242,1.1
2-May-05,220,49.7
3-May-05,216,39.2
4-May-05,236,33.7
5-May-05,245,21
6-May-05,250,9.5
7-May-05,229,10.2
8-May-05,215,7.9
9-May-05,208,17.7
10-May-05,218,11.7
11-May-05,229,18.1
12-May-05,253,18.3
13-May-05,270,9.1
14-May-05,245,19.8
15-May-05,259,89.1
16-May-05,330,9.6
17-May-05,270,59.7
18-May-05,263,102.1
19-May-05,265,1.3
20-May-05,232,14.3
21-May-05,220,8.3
22-May-05,211,37.5
23-May-05,222,36.5
24-May-05,213,0.3
25-May-05,210,15.3
26-May-05,204,37.9
27-May-05,217,66.3
28-May-05,241,16.2
29-May-05,253,4.8
30-May-05,224,65.7
31-May-05,269,57.3
1-Jun-05,294,17.5
2-Jun-05,259,25.5
3-Jun-05,238,13.3
4-Jun-05,233,35.4
5-Jun-05,274,57.5
6-Jun-05,327,6.1
7-Jun-05,276,4.3
8-Jun-05,236,14
9-Jun-05,227,5
10-Jun-05,230,4.7
11-Jun-05,223,7.2
12-Jun-05,224,6.7
13-Jun-05,215,1.6
14-Jun-05,208,17.8
15-Jun-05,206,4.5
16-Jun-05,213,6.1
17-Jun-05,209,3.9
18-Jun-05,206,12.9
19-Jun-05,204,9.5
20-Jun-05,215,75
21-Jun-05,260,10.9
22-Jun-05,251,15.9
23-Jun-05,242,24.8
24-Jun-05,260,1
25-Jun-05,240,0
26-Jun-05,228,7
27-Jun-05,210,0
28-Jun-05,208,69.2
29-Jun-05,213,39.2
30-Jun-05,269,7.3
1-Jul-05,250,7.6
2-Jul-05,225,16.4
3-Jul-05,219,1
4-Jul-05,209,5.4
5-Jul-05,209,28.9
6-Jul-05,210,15
7-Jul-05,223,36.7
8-Jul-05,256,3
9-Jul-05,263,0
10-Jul-05,223,0
11-Jul-05,208,0
12-Jul-05,202,0
13-Jul-05,199,0
14-Jul-05,196,61.6
15-Jul-05,200,9.3
16-Jul-05,202,54.4
17-Jul-05,241,35.3
18-Jul-05,231,18.4
19-Jul-05,241,28.3
20-Jul-05,296,19.8
21-Jul-05,298,4.5
22-Jul-05,233,8.3
23-Jul-05,250,1.9
24-Jul-05,226,9.4
25-Jul-05,234,4.3
26-Jul-05,244,28.5
27-Jul-05,268,30.9
28-Jul-05,311,23.2
29-Jul-05,299,6.9
30-Jul-05,271,19.4
31-Jul-05,288,13.4
1-Aug-05,279,20.2
2-Aug-05,254,44.9
3-Aug-05,292,3.4
4-Aug-05,264,17.2
5-Aug-05,281,2.1
6-Aug-05,242,4
7-Aug-05,222,15.5
8-Aug-05,228,41.6
9-Aug-05,288,6.2
10-Aug-05,288,15.2
11-Aug-05,279,0.1
12-Aug-05,273,0
13-Aug-05,232,4.2
14-Aug-05,224,1.4
15-Aug-05,219,16.1
16-Aug-05,225,14.7
17-Aug-05,274,8.9
18-Aug-05,254,24.5
19-Aug-05,273,23.2
20-Aug-05,306,3
21-Aug-05,248,1.3
22-Aug-05,231,191.4
23-Aug-05,235,65.7
24-Aug-05,254,28.6
25-Aug-05,273,1
26-Aug-05,237,3
27-Aug-05,221,5.2
28-Aug-05,213,32.4
29-Aug-05,214,18.4
30-Aug-05,215,46.6
31-Aug-05,213,24.1
1-Sep-05,219,2.1
2-Sep-05,210,38.9
3-Sep-05,227,0
4-Sep-05,237,0
5-Sep-05,218,19.9
6-Sep-05,224,19.2
7-Sep-05,249,11.7
8-Sep-05,273,18.4
9-Sep-05,259,3.2
10-Sep-05,249,0.1
11-Sep-05,224,7.7
12-Sep-05,216,2
13-Sep-05,209,18.6
14-Sep-05,210,1.6
15-Sep-05,209,15.4
16-Sep-05,208,5.1
17-Sep-05,208,1
18-Sep-05,209,0
19-Sep-05,209,15.7
20-Sep-05,210,12
21-Sep-05,210,16.9
22-Sep-05,211,14.9
23-Sep-05,212,50.4
24-Sep-05,229,14.3
25-Sep-05,224,84.1
26-Sep-05,222,224.3
27-Sep-05,243,78.7
28-Sep-05,292,26.2
29-Sep-05,285,62.3
30-Sep-05,248,0
1-Oct-05,226,10.6
2-Oct-05,224,5.2
3-Oct-05,214,24.5
4-Oct-05,221,78.4
5-Oct-05,227,21.7
6-Oct-05,223,32.5
7-Oct-05,234,11.7
8-Oct-05,242,3
9-Oct-05,221,4.4
10-Oct-05,210,41
11-Oct-05,228,70.8
12-Oct-05,233,32.2
13-Oct-05,216,26.5
14-Oct-05,211,85.3
15-Oct-05,209,12
16-Oct-05,209,48.6
17-Oct-05,230,35.3
18-Oct-05,242,8.5
19-Oct-05,231,25.2
20-Oct-05,224,56.4
21-Oct-05,234,39.3
22-Oct-05,229,134.9
23-Oct-05,237,164.4
24-Oct-05,246,128.8
25-Oct-05,265,33.6
26-Oct-05,283,86.9
27-Oct-05,246,32.3
28-Oct-05,239,55.5
29-Oct-05,232,16.9
30-Oct-05,241,115.8
31-Oct-05,244,16.1
1-Nov-05,235,9.9
2-Nov-05,236,11.9
3-Nov-05,232,5
4-Nov-05,224,14.2
5-Nov-05,237,51.7
6-Nov-05,231,44
7-Nov-05,257,13.9
8-Nov-05,253,95.8
9-Nov-05,286,9.6
10-Nov-05,260,19
11-Nov-05,237,117.2
12-Nov-05,270,231.4
13-Nov-05,257,33.9
14-Nov-05,264,74
15-Nov-05,250,43.6
16-Nov-05,235,24.4
17-Nov-05,221,9.2
18-Nov-05,216,2.4
19-Nov-05,220,14.9
20-Nov-05,231,33
21-Nov-05,228,172.2
22-Nov-05,282,11.4
23-Nov-05,252,50.3
24-Nov-05,227,2.6
25-Nov-05,214,4.3
26-Nov-05,215,21.9
27-Nov-05,213,82
28-Nov-05,213,17.5
29-Nov-05,210,0
30-Nov-05,204,4
1-Dec-05,207,39.4
2-Dec-05,222,82.3
3-Dec-05,226,80.1
4-Dec-05,212,52.9
5-Dec-05,213,166.8
6-Dec-05,261,14.8
7-Dec-05,242,160.5
8-Dec-05,256,111.6
9-Dec-05,256,5.8
10-Dec-05,228,0
11-Dec-05,215,13.3
12-Dec-05,218,43.2
13-Dec-05,227,171.4
14-Dec-05,230,25.2
15-Dec-05,242,88.4
16-Dec-05,250,74.1
17-Dec-05,265,41.6
18-Dec-05,237,104.7
19-Dec-05,242,97.7
20-Dec-05,265,47.2
21-Dec-05,256,53.3
22-Dec-05,253,90.8
23-Dec-05,258,37.5
24-Dec-05,256,22.2
25-Dec-05,246,65.7
26-Dec-05,246,38.5
27-Dec-05,242,9
28-Dec-05,226,0.5
29-Dec-05,217,0
30-Dec-05,212,0
31-Dec-05,280,0
1-Jan-06,240,46.3
2-Jan-06,299,66.5
3-Jan-06,215,76.6
4-Jan-06,218,48.5
5-Jan-06,212,60.5
6-Jan-06,234,132
7-Jan-06,294,83.7
8-Jan-06,277,43.8
9-Jan-06,277,32.5
10-Jan-06,237,19.7
11-Jan-06,228,136.4
12-Jan-06,255,20.8
13-Jan-06,242,0
14-Jan-06,222,22.5
15-Jan-06,224,107
16-Jan-06,278,45.5
17-Jan-06,247,46.9
18-Jan-06,230,70.9
19-Jan-06,225,17.6
20-Jan-06,219,4
21-Jan-06,221,3
22-Jan-06,211,0.1
23-Jan-06,208,0.6
24-Jan-06,206,1
25-Jan-06,204,0.6
26-Jan-06,203,25.8
27-Jan-06,207,72.5
28-Jan-06,289,25.3
29-Jan-06,240,9.7
30-Jan-06,240,21.9
31-Jan-06,240,49.8
1-Feb-06,250,36.1
2-Feb-06,258,18.9
3-Feb-06,250,31.4
4-Feb-06,242,131.4
5-Feb-06,267,71.7
6-Feb-06,272,24.5
7-Feb-06,244,39.5
8-Feb-06,252,29.7
9-Feb-06,245,36.8
10-Feb-06,237,18.4
11-Feb-06,217,0
12-Feb-06,211,92
13-Feb-06,208,70.6
14-Feb-06,220,0.5
15-Feb-06,210,0
16-Feb-06,204,0
17-Feb-06,200,0.4
18-Feb-06,198,2.9
19-Feb-06,202,53.1
20-Feb-06,201,37
21-Feb-06,204,17.2
22-Feb-06,204,7.9
23-Feb-06,200,2
24-Feb-06,197,5
25-Feb-06,197,16.5
26-Feb-06,197,15.2
27-Feb-06,195,200.3
28-Feb-06,225,26.3
1-Mar-06,210,0
2-Mar-06,200,6
3-Mar-06,195,34.8
4-Mar-06,200,6
5-Mar-06,195,31.8
6-Mar-06,198,38
7-Mar-06,201,82.2
8-Mar-06,247,117.6
9-Mar-06,268,139.1
10-Mar-06,300,27.6
11-Mar-06,268,32
12-Mar-06,229,156.2
13-Mar-06,265,67
14-Mar-06,246,173.3
15-Mar-06,263,20.6
16-Mar-06,246,9.7
17-Mar-06,224,148.6
18-Mar-06,254,120.1
19-Mar-06,282,15.2
20-Mar-06,247,77.9
21-Mar-06,262,4
22-Mar-06,241,33.5
23-Mar-06,255,65
24-Mar-06,246,42.1
25-Mar-06,258,115.6
26-Mar-06,288,13.5
27-Mar-06,252,42.2
28-Mar-06,260,6
29-Mar-06,252,3
30-Mar-06,227,6.4
31-Mar-06,219,97.9
1-Apr-06,223,44
2-Apr-06,232,16.5
3-Apr-06,219,74.4
4-Apr-06,239,220.2
5-Apr-06,270,102.2
6-Apr-06,316,101.7
7-Apr-06,300,80.3
8-Apr-06,276,5.8
9-Apr-06,242,56.5
10-Apr-06,251,38.1
11-Apr-06,244,132.3
12-Apr-06,246,208.9
13-Apr-06,298,61.4
14-Apr-06,261,34.4
15-Apr-06,250,20.9
16-Apr-06,239,25.9
17-Apr-06,257,35.9
18-Apr-06,270,25.1
19-Apr-06,261,48.2
20-Apr-06,264,47.6
21-Apr-06,248,18.4
22-Apr-06,237,9
23-Apr-06,232,65.7
24-Apr-06,303,24.1
25-Apr-06,279,11.2
26-Apr-06,259,142.7
27-Apr-06,314,99.8
28-Apr-06,281,85.6
29-Apr-06,261,40.5
30-Apr-06,258,3
1-May-06,279,20.1
2-May-06,273,29.6
3-May-06,362,5
4-May-06,417,6
5-May-06,278,27.5
6-May-06,292,6.9
7-May-06,271,89.8
8-May-06,248,43.8
9-May-06,238,11
10-May-06,232,16.3
11-May-06,228,23
12-May-06,236,0.1
13-May-06,231,1.3
14-May-06,256,0
15-May-06,271,0
16-May-06,309,4
17-May-06,240,0.1
18-May-06,239,8
19-May-06,241,0
20-May-06,232,13.4
21-May-06,227,69.6
22-May-06,246,2
23-May-06,285,20.3
24-May-06,269,14.3
25-May-06,273,8.4
26-May-06,253,14.6
27-May-06,229,22.4
28-May-06,260,9.7
29-May-06,264,13.7
30-May-06,275,7.3
31-May-06,235,12.8
1-Jun-06,237,49.8
2-Jun-06,279,18
3-Jun-06,254,16.5
4-Jun-06,233,93.9
5-Jun-06,254,155.9
6-Jun-06,393,77.5
7-Jun-06,295,51.2
8-Jun-06,284,37.4
9-Jun-06,282,37.7
10-Jun-06,278,128.1
11-Jun-06,266,91.5
12-Jun-06,283,17.8
13-Jun-06,269,35.9
14-Jun-06,249,5.1
15-Jun-06,247,8.1
16-Jun-06,247,44.6
17-Jun-06,323,36
18-Jun-06,368,19
19-Jun-06,302,5
20-Jun-06,265,4
21-Jun-06,256,68.3
22-Jun-06,318,90.5
23-Jun-06,365,23.2
24-Jun-06,288,1
25-Jun-06,245,0
26-Jun-06,231,10
27-Jun-06,230,48.1
28-Jun-06,321,16.3
29-Jun-06,286,14.9
30-Jun-06,277,11.2
1-Jul-06,279,21.1
2-Jul-06,273,42.8
3-Jul-06,362,62.3
4-Jul-06,412,12
5-Jul-06,278,6.1
6-Jul-06,292,9.6
7-Jul-06,271,2
8-Jul-06,248,15.8
9-Jul-06,238,4.1
10-Jul-06,232,3.3
11-Jul-06,228,5.8
12-Jul-06,236,15
13-Jul-06,231,56.2
14-Jul-06,256,57.1
15-Jul-06,271,20
16-Jul-06,294,2.2
17-Jul-06,240,5.3
18-Jul-06,239,4.1
19-Jul-06,241,9.2
20-Jul-06,232,3.6
21-Jul-06,227,9.7
22-Jul-06,246,44.2
23-Jul-06,285,42.2
24-Jul-06,269,46
25-Jul-06,273,17.9
26-Jul-06,253,5
27-Jul-06,229,165
28-Jul-06,260,29.9
29-Jul-06,259,50.4
30-Jul-06,275,3.3
31-Jul-06,235,0
